file,pred_mask_path,overlay_path,gamma_prime_area_fraction,gamma_prime_cc_count,gamma_prime_mean_eq_diameter_px,gamma_prime_mean_aspect_ratio,gamma_prime_mean_circularity,image_path,source_image_path,pred_instance_count,area_fraction,cc_count,mean_area_px,mean_eq_diameter_px,mean_aspect_ratio,mean_circularity,mean_perimeter_px,mean_nn_spacing_px
IMAGE1.png,/content/drive/MyDrive/PHD/Isaac_new/new_file2/seg_paper1_outputs_sigma_push_with_coco_new_and_new2/pred_masks/IMAGE1_pred_mask.png,/content/drive/MyDrive/PHD/Isaac_new/new_file2/seg_paper1_outputs_sigma_push_with_coco_new_and_new2/overlays/IMAGE1_overlay.png,0.3693911436096252,117.0,28.914235211496194,1.806221129031468,0.8038992589553108,,,,,,,,,,,
IMAGE2.png,/content/drive/MyDrive/PHD/Isaac_new/new_file2/seg_paper1_outputs_sigma_push_with_coco_new_and_new2/pred_masks/IMAGE2_pred_mask.png,/content/drive/MyDrive/PHD/Isaac_new/new_file2/seg_paper1_outputs_sigma_push_with_coco_new_and_new2/overlays/IMAGE2_overlay.png,0.257518193381571,175.0,20.60012563452281,1.412535891847113,0.8929991882980247,,,,,,,,,,,
IMAGE3.jpg,/content/drive/MyDrive/PHD/Isaac_new/new_file2/seg_paper1_outputs_sigma_push_with_coco_new_and_new2/pred_masks/IMAGE3_pred_mask.png,/content/drive/MyDrive/PHD/Isaac_new/new_file2/seg_paper1_outputs_sigma_push_with_coco_new_and_new2/overlays/IMAGE3_overlay.png,0.3827185792349726,446.0,6.676477681407425,1.5505397023126863,1.0843000346473035,,,,,,,,,,,
IMAGE4.png,/content/drive/MyDrive/PHD/Isaac_new/new_file2/seg_paper1_outputs_sigma_push_with_coco_new_and_new2/pred_masks/IMAGE4_pred_mask.png,/content/drive/MyDrive/PHD/Isaac_new/new_file2/seg_paper1_outputs_sigma_push_with_coco_new_and_new2/overlays/IMAGE4_overlay.png,0.3431840808969462,277.0,17.962484331118777,1.5270360599414623,0.921829130169424,,,,,,,,,,,
IMAGE5.png,/content/drive/MyDrive/PHD/Isaac_new/new_file2/seg_paper1_outputs_sigma_push_with_coco_new_and_new2/pred_masks/IMAGE5_pred_mask.png,/content/drive/MyDrive/PHD/Isaac_new/new_file2/seg_paper1_outputs_sigma_push_with_coco_new_and_new2/overlays/IMAGE5_overlay.png,0.4990481082006506,288.0,33.36406260400353,1.7144661968621715,0.7731027817273816,,,,,,,,,,,
IMAGE6.png,/content/drive/MyDrive/PHD/Isaac_new/new_file2/seg_paper1_outputs_sigma_push_with_coco_new_and_new2/pred_masks/IMAGE6_pred_mask.png,/content/drive/MyDrive/PHD/Isaac_new/new_file2/seg_paper1_outputs_sigma_push_with_coco_new_and_new2/overlays/IMAGE6_overlay.png,0.3538992731048805,124.0,34.21294716703243,1.8935310012792883,0.7797159165302456,,,,,,,,,,,
IMAGE7.png,/content/drive/MyDrive/PHD/Isaac_new/new_file2/seg_paper1_outputs_sigma_push_with_coco_new_and_new2/pred_masks/IMAGE7_pred_mask.png,/content/drive/MyDrive/PHD/Isaac_new/new_file2/seg_paper1_outputs_sigma_push_with_coco_new_and_new2/overlays/IMAGE7_overlay.png,0.5895521620472592,306.0,36.49815166464848,1.5851258541788076,0.7912591197216462,,,,,,,,,,,
IMAGE8.png,/content/drive/MyDrive/PHD/Isaac_new/new_file2/seg_paper1_outputs_sigma_push_with_coco_new_and_new2/pred_masks/IMAGE8_pred_mask.png,/content/drive/MyDrive/PHD/Isaac_new/new_file2/seg_paper1_outputs_sigma_push_with_coco_new_and_new2/overlays/IMAGE8_overlay.png,0.4423731757251049,648.0,17.612272547454886,1.5513238604993893,0.8486071445489319,,,,,,,,,,,
Image_51.png,/content/drive/MyDrive/PHD/Isaac_new/new_file2/seg_paper1_outputs_sigma_push_with_coco_new_and_new2/pred_masks/Image_51_pred_mask.png,/content/drive/MyDrive/PHD/Isaac_new/new_file2/seg_paper1_outputs_sigma_push_with_coco_new_and_new2/overlays/Image_51_overlay.png,0.259208984375,404.0,17.394727929721757,1.9030729556259849,0.7234188328353113,,,,,,,,,,,
TESTIMAGE.png,/content/drive/MyDrive/PHD/Isaac_new/new_file2/seg_paper1_outputs_sigma_push_with_coco_new_and_new2/pred_masks/TESTIMAGE_pred_mask.png,/content/drive/MyDrive/PHD/Isaac_new/new_file2/seg_paper1_outputs_sigma_push_with_coco_new_and_new2/overlays/TESTIMAGE_overlay.png,0.5142468499427262,467.0,14.238949610379471,1.5564128992533284,0.876180321257011,,,,,,,,,,,
TESTIMAGEINV.png,/content/drive/MyDrive/PHD/Isaac_new/new_file2/seg_paper1_outputs_sigma_push_with_coco_new_and_new2/pred_masks/TESTIMAGEINV_pred_mask.png,/content/drive/MyDrive/PHD/Isaac_new/new_file2/seg_paper1_outputs_sigma_push_with_coco_new_and_new2/overlays/TESTIMAGEINV_overlay.png,0.6294061751535979,417.0,16.557517002010826,1.5588580747717595,0.8408575708041487,,,,,,,,,,,
TESTIMAGEMINI.png,/content/drive/MyDrive/PHD/Isaac_new/new_file2/seg_paper1_outputs_sigma_push_with_coco_new_and_new2/pred_masks/TESTIMAGEMINI_pred_mask.png,/content/drive/MyDrive/PHD/Isaac_new/new_file2/seg_paper1_outputs_sigma_push_with_coco_new_and_new2/overlays/TESTIMAGEMINI_overlay.png,0.6587698016269444,75.0,14.622738210288784,1.701915745691751,0.8258795918243559,,,,,,,,,,,
image_1.png,/content/drive/MyDrive/PHD/Isaac_new/new_file2/seg_paper1_outputs_sigma_push_with_coco_new_and_new2/pred_masks/image_1_pred_mask.png,/content/drive/MyDrive/PHD/Isaac_new/new_file2/seg_paper1_outputs_sigma_push_with_coco_new_and_new2/overlays/image_1_overlay.png,0.47903076171875,247.0,29.88486017549645,1.9262622348862293,0.7079953013490347,,,,,,,,,,,
image_10.png,/content/drive/MyDrive/PHD/Isaac_new/new_file2/seg_paper1_outputs_sigma_push_with_coco_new_and_new2/pred_masks/image_10_pred_mask.png,/content/drive/MyDrive/PHD/Isaac_new/new_file2/seg_paper1_outputs_sigma_push_with_coco_new_and_new2/overlays/image_10_overlay.png,0.43828369140625,637.0,18.39951245269582,1.826993958706009,0.8277850303163109,,,,,,,,,,,
image_100.png,/content/drive/MyDrive/PHD/Isaac_new/new_file2/seg_paper1_outputs_sigma_push_with_coco_new_and_new2/pred_masks/image_100_pred_mask.png,/content/drive/MyDrive/PHD/Isaac_new/new_file2/seg_paper1_outputs_sigma_push_with_coco_new_and_new2/overlays/image_100_overlay.png,0.460830078125,139.0,39.711107369610325,1.968240184162798,0.7745599047710532,,,,,,,,,,,
image_101.png,/content/drive/MyDrive/PHD/Isaac_new/new_file2/seg_paper1_outputs_sigma_push_with_coco_new_and_new2/pred_masks/image_101_pred_mask.png,/content/drive/MyDrive/PHD/Isaac_new/new_file2/seg_paper1_outputs_sigma_push_with_coco_new_and_new2/overlays/image_101_overlay.png,0.5322998046875,81.0,54.27941087562359,1.7212310744897843,0.7579037835112925,,,,,,,,,,,
image_102.png,/content/drive/MyDrive/PHD/Isaac_new/new_file2/seg_paper1_outputs_sigma_push_with_coco_new_and_new2/pred_masks/image_102_pred_mask.png,/content/drive/MyDrive/PHD/Isaac_new/new_file2/seg_paper1_outputs_sigma_push_with_coco_new_and_new2/overlays/image_102_overlay.png,0.3905615234375,101.0,40.30917414231168,2.1687108728891387,0.7161714584914461,,,,,,,,,,,
image_103.png,/content/drive/MyDrive/PHD/Isaac_new/new_file2/seg_paper1_outputs_sigma_push_with_coco_new_and_new2/pred_masks/image_103_pred_mask.png,/content/drive/MyDrive/PHD/Isaac_new/new_file2/seg_paper1_outputs_sigma_push_with_coco_new_and_new2/overlays/image_103_overlay.png,0.37761474609375,425.0,20.88870334495389,1.7723626899450744,0.8275735763670281,,,,,,,,,,,
image_104.png,/content/drive/MyDrive/PHD/Isaac_new/new_file2/seg_paper1_outputs_sigma_push_with_coco_new_and_new2/pred_masks/image_104_pred_mask.png,/content/drive/MyDrive/PHD/Isaac_new/new_file2/seg_paper1_outputs_sigma_push_with_coco_new_and_new2/overlays/image_104_overlay.png,0.3477880859375,130.0,36.06207024964736,1.5681933059429944,0.8328105552656718,,,,,,,,,,,
image_105.png,/content/drive/MyDrive/PHD/Isaac_new/new_file2/seg_paper1_outputs_sigma_push_with_coco_new_and_new2/pred_masks/image_105_pred_mask.png,/content/drive/MyDrive/PHD/Isaac_new/new_file2/seg_paper1_outputs_sigma_push_with_coco_new_and_new2/overlays/image_105_overlay.png,0.44369384765625,160.0,36.57411634723275,1.6819001019762987,0.8009064664607403,,,,,,,,,,,
image_106.png,/content/drive/MyDrive/PHD/Isaac_new/new_file2/seg_paper1_outputs_sigma_push_with_coco_new_and_new2/pred_masks/image_106_pred_mask.png,/content/drive/MyDrive/PHD/Isaac_new/new_file2/seg_paper1_outputs_sigma_push_with_coco_new_and_new2/overlays/image_106_overlay.png,0.26434326171875,545.0,15.343308482137523,1.742626493274147,0.8586781656875501,,,,,,,,,,,
image_107.png,/content/drive/MyDrive/PHD/Isaac_new/new_file2/seg_paper1_outputs_sigma_push_with_coco_new_and_new2/pred_masks/image_107_pred_mask.png,/content/drive/MyDrive/PHD/Isaac_new/new_file2/seg_paper1_outputs_sigma_push_with_coco_new_and_new2/overlays/image_107_overlay.png,0.49850830078125,209.0,33.80853207787249,1.7564013923189716,0.7936540954209523,,,,,,,,,,,
image_108.png,/content/drive/MyDrive/PHD/Isaac_new/new_file2/seg_paper1_outputs_sigma_push_with_coco_new_and_new2/pred_masks/image_108_pred_mask.png,/content/drive/MyDrive/PHD/Isaac_new/new_file2/seg_paper1_outputs_sigma_push_with_coco_new_and_new2/overlays/image_108_overlay.png,0.648876953125,62.0,66.38018994241575,2.397432727969904,0.6267726534535889,,,,,,,,,,,
image_109.png,/content/drive/MyDrive/PHD/Isaac_new/new_file2/seg_paper1_outputs_sigma_push_with_coco_new_and_new2/pred_masks/image_109_pred_mask.png,/content/drive/MyDrive/PHD/Isaac_new/new_file2/seg_paper1_outputs_sigma_push_with_coco_new_and_new2/overlays/image_109_overlay.png,0.51307861328125,79.0,55.67627545544901,2.038418444384868,0.7503036475956489,,,,,,,,,,,
image_11.png,/content/drive/MyDrive/PHD/Isaac_new/new_file2/seg_paper1_outputs_sigma_push_with_coco_new_and_new2/pred_masks/image_11_pred_mask.png,/content/drive/MyDrive/PHD/Isaac_new/new_file2/seg_paper1_outputs_sigma_push_with_coco_new_and_new2/overlays/image_11_overlay.png,0.4309423828125,79.0,50.92130901613903,1.801580011465346,0.7404342142108344,,,,,,,,,,,
image_12.png,/content/drive/MyDrive/PHD/Isaac_new/new_file2/seg_paper1_outputs_sigma_push_with_coco_new_and_new2/pred_masks/image_12_pred_mask.png,/content/drive/MyDrive/PHD/Isaac_new/new_file2/seg_paper1_outputs_sigma_push_with_coco_new_and_new2/overlays/image_12_overlay.png,0.41332275390625,990.0,14.358494596152427,1.8411512678716624,0.8604599573649657,,,,,,,,,,,
image_13.png,/content/drive/MyDrive/PHD/Isaac_new/new_file2/seg_paper1_outputs_sigma_push_with_coco_new_and_new2/pred_masks/image_13_pred_mask.png,/content/drive/MyDrive/PHD/Isaac_new/new_file2/seg_paper1_outputs_sigma_push_with_coco_new_and_new2/overlays/image_13_overlay.png,0.4877294921875,147.0,39.81686814713487,1.9335142401717456,0.7844218766536338,,,,,,,,,,,
image_14.png,/content/drive/MyDrive/PHD/Isaac_new/new_file2/seg_paper1_outputs_sigma_push_with_coco_new_and_new2/pred_masks/image_14_pred_mask.png,/content/drive/MyDrive/PHD/Isaac_new/new_file2/seg_paper1_outputs_sigma_push_with_coco_new_and_new2/overlays/image_14_overlay.png,0.2099560546875,392.0,16.184561945150776,1.539691785513604,0.897526396090424,,,,,,,,,,,
image_15.png,/content/drive/MyDrive/PHD/Isaac_new/new_file2/seg_paper1_outputs_sigma_push_with_coco_new_and_new2/pred_masks/image_15_pred_mask.png,/content/drive/MyDrive/PHD/Isaac_new/new_file2/seg_paper1_outputs_sigma_push_with_coco_new_and_new2/overlays/image_15_overlay.png,0.4566259765625,182.0,35.04500104845582,1.7327148840428646,0.7838152970825304,,,,,,,,,,,
image_16.png,/content/drive/MyDrive/PHD/Isaac_new/new_file2/seg_paper1_outputs_sigma_push_with_coco_new_and_new2/pred_masks/image_16_pred_mask.png,/content/drive/MyDrive/PHD/Isaac_new/new_file2/seg_paper1_outputs_sigma_push_with_coco_new_and_new2/overlays/image_16_overlay.png,0.58330810546875,113.0,50.29337102241213,1.5877356829578515,0.8108977097904441,,,,,,,,,,,
image_17.png,/content/drive/MyDrive/PHD/Isaac_new/new_file2/seg_paper1_outputs_sigma_push_with_coco_new_and_new2/pred_masks/image_17_pred_mask.png,/content/drive/MyDrive/PHD/Isaac_new/new_file2/seg_paper1_outputs_sigma_push_with_coco_new_and_new2/overlays/image_17_overlay.png,0.42998291015625,158.0,35.424084473275265,1.8952679122803189,0.6865560293355858,,,,,,,,,,,
image_19.png,/content/drive/MyDrive/PHD/Isaac_new/new_file2/seg_paper1_outputs_sigma_push_with_coco_new_and_new2/pred_masks/image_19_pred_mask.png,/content/drive/MyDrive/PHD/Isaac_new/new_file2/seg_paper1_outputs_sigma_push_with_coco_new_and_new2/overlays/image_19_overlay.png,0.5047021484375,377.0,25.509016322600885,1.934105368830169,0.7253601539545587,,,,,,,,,,,
image_2.png,/content/drive/MyDrive/PHD/Isaac_new/new_file2/seg_paper1_outputs_sigma_push_with_coco_new_and_new2/pred_masks/image_2_pred_mask.png,/content/drive/MyDrive/PHD/Isaac_new/new_file2/seg_paper1_outputs_sigma_push_with_coco_new_and_new2/overlays/image_2_overlay.png,0.48122314453125,311.0,27.459898130993142,1.637500689357437,0.8279551845948576,,,,,,,,,,,
image_21.png,/content/drive/MyDrive/PHD/Isaac_new/new_file2/seg_paper1_outputs_sigma_push_with_coco_new_and_new2/pred_masks/image_21_pred_mask.png,/content/drive/MyDrive/PHD/Isaac_new/new_file2/seg_paper1_outputs_sigma_push_with_coco_new_and_new2/overlays/image_21_overlay.png,0.41127685546875,150.0,36.58578158201708,1.6094146336201196,0.8153355660589298,,,,,,,,,,,
image_23.png,/content/drive/MyDrive/PHD/Isaac_new/new_file2/seg_paper1_outputs_sigma_push_with_coco_new_and_new2/pred_masks/image_23_pred_mask.png,/content/drive/MyDrive/PHD/Isaac_new/new_file2/seg_paper1_outputs_sigma_push_with_coco_new_and_new2/overlays/image_23_overlay.png,0.2843115234375,413.0,18.52349742915641,1.9728659962675847,0.8086682827376018,,,,,,,,,,,
image_24.png,/content/drive/MyDrive/PHD/Isaac_new/new_file2/seg_paper1_outputs_sigma_push_with_coco_new_and_new2/pred_masks/image_24_pred_mask.png,/content/drive/MyDrive/PHD/Isaac_new/new_file2/seg_paper1_outputs_sigma_push_with_coco_new_and_new2/overlays/image_24_overlay.png,0.55492431640625,156.0,40.77649785837444,2.343493918841888,0.724403215605735,,,,,,,,,,,
image_28.png,/content/drive/MyDrive/PHD/Isaac_new/new_file2/seg_paper1_outputs_sigma_push_with_coco_new_and_new2/pred_masks/image_28_pred_mask.png,/content/drive/MyDrive/PHD/Isaac_new/new_file2/seg_paper1_outputs_sigma_push_with_coco_new_and_new2/overlays/image_28_overlay.png,0.46995361328125,270.0,28.50791395999349,1.951761695354868,0.7385260098545704,,,,,,,,,,,
image_29.png,/content/drive/MyDrive/PHD/Isaac_new/new_file2/seg_paper1_outputs_sigma_push_with_coco_new_and_new2/pred_masks/image_29_pred_mask.png,/content/drive/MyDrive/PHD/Isaac_new/new_file2/seg_paper1_outputs_sigma_push_with_coco_new_and_new2/overlays/image_29_overlay.png,0.42315673828125,241.0,28.998088381247054,1.6869171607630913,0.8188611420666808,,,,,,,,,,,
image_3.png,/content/drive/MyDrive/PHD/Isaac_new/new_file2/seg_paper1_outputs_sigma_push_with_coco_new_and_new2/pred_masks/image_3_pred_mask.png,/content/drive/MyDrive/PHD/Isaac_new/new_file2/seg_paper1_outputs_sigma_push_with_coco_new_and_new2/overlays/image_3_overlay.png,0.3871533203125,328.0,22.922672734593007,1.7247836806241372,0.8174088486090978,,,,,,,,,,,
image_30.png,/content/drive/MyDrive/PHD/Isaac_new/new_file2/seg_paper1_outputs_sigma_push_with_coco_new_and_new2/pred_masks/image_30_pred_mask.png,/content/drive/MyDrive/PHD/Isaac_new/new_file2/seg_paper1_outputs_sigma_push_with_coco_new_and_new2/overlays/image_30_overlay.png,0.33287353515625,435.0,19.52150543454176,1.8023488451952947,0.86984158851267,,,,,,,,,,,
image_31.png,/content/drive/MyDrive/PHD/Isaac_new/new_file2/seg_paper1_outputs_sigma_push_with_coco_new_and_new2/pred_masks/image_31_pred_mask.png,/content/drive/MyDrive/PHD/Isaac_new/new_file2/seg_paper1_outputs_sigma_push_with_coco_new_and_new2/overlays/image_31_overlay.png,0.43377685546875,245.0,29.097440885689014,2.4982241202998523,0.72036300472755,,,,,,,,,,,
image_32.png,/content/drive/MyDrive/PHD/Isaac_new/new_file2/seg_paper1_outputs_sigma_push_with_coco_new_and_new2/pred_masks/image_32_pred_mask.png,/content/drive/MyDrive/PHD/Isaac_new/new_file2/seg_paper1_outputs_sigma_push_with_coco_new_and_new2/overlays/image_32_overlay.png,0.44728515625,90.0,48.70552777787121,1.6474727188374023,0.7796669687632047,,,,,,,,,,,
image_33.png,/content/drive/MyDrive/PHD/Isaac_new/new_file2/seg_paper1_outputs_sigma_push_with_coco_new_and_new2/pred_masks/image_33_pred_mask.png,/content/drive/MyDrive/PHD/Isaac_new/new_file2/seg_paper1_outputs_sigma_push_with_coco_new_and_new2/overlays/image_33_overlay.png,0.58698486328125,213.0,35.74123608371308,1.8295271813952416,0.7436002836694092,,,,,,,,,,,
image_34.png,/content/drive/MyDrive/PHD/Isaac_new/new_file2/seg_paper1_outputs_sigma_push_with_coco_new_and_new2/pred_masks/image_34_pred_mask.png,/content/drive/MyDrive/PHD/Isaac_new/new_file2/seg_paper1_outputs_sigma_push_with_coco_new_and_new2/overlays/image_34_overlay.png,0.54318359375,236.0,32.985212216125795,1.8137364385305483,0.7306459244838183,,,,,,,,,,,
image_35.png,/content/drive/MyDrive/PHD/Isaac_new/new_file2/seg_paper1_outputs_sigma_push_with_coco_new_and_new2/pred_masks/image_35_pred_mask.png,/content/drive/MyDrive/PHD/Isaac_new/new_file2/seg_paper1_outputs_sigma_push_with_coco_new_and_new2/overlays/image_35_overlay.png,0.2979638671875,404.0,19.23497588203832,1.3143347001004064,0.911916219040011,,,,,,,,,,,
image_36.png,/content/drive/MyDrive/PHD/Isaac_new/new_file2/seg_paper1_outputs_sigma_push_with_coco_new_and_new2/pred_masks/image_36_pred_mask.png,/content/drive/MyDrive/PHD/Isaac_new/new_file2/seg_paper1_outputs_sigma_push_with_coco_new_and_new2/overlays/image_36_overlay.png,0.6114697265625,75.0,62.37677170434695,2.354772326758365,0.6888660971737705,,,,,,,,,,,
image_37.png,/content/drive/MyDrive/PHD/Isaac_new/new_file2/seg_paper1_outputs_sigma_push_with_coco_new_and_new2/pred_masks/image_37_pred_mask.png,/content/drive/MyDrive/PHD/Isaac_new/new_file2/seg_paper1_outputs_sigma_push_with_coco_new_and_new2/overlays/image_37_overlay.png,0.40544921875,534.0,19.1412377019093,2.2721797286936187,0.6940706057990467,,,,,,,,,,,
image_38.png,/content/drive/MyDrive/PHD/Isaac_new/new_file2/seg_paper1_outputs_sigma_push_with_coco_new_and_new2/pred_masks/image_38_pred_mask.png,/content/drive/MyDrive/PHD/Isaac_new/new_file2/seg_paper1_outputs_sigma_push_with_coco_new_and_new2/overlays/image_38_overlay.png,0.45701904296875,521.0,20.63875564150157,1.5081519743359084,0.8499183733061062,,,,,,,,,,,
image_39.png,/content/drive/MyDrive/PHD/Isaac_new/new_file2/seg_paper1_outputs_sigma_push_with_coco_new_and_new2/pred_masks/image_39_pred_mask.png,/content/drive/MyDrive/PHD/Isaac_new/new_file2/seg_paper1_outputs_sigma_push_with_coco_new_and_new2/overlays/image_39_overlay.png,0.49665771484375,396.0,24.67337003671071,1.8864256230872585,0.734503510940993,,,,,,,,,,,
image_4.png,/content/drive/MyDrive/PHD/Isaac_new/new_file2/seg_paper1_outputs_sigma_push_with_coco_new_and_new2/pred_masks/image_4_pred_mask.png,/content/drive/MyDrive/PHD/Isaac_new/new_file2/seg_paper1_outputs_sigma_push_with_coco_new_and_new2/overlays/image_4_overlay.png,0.46103271484375,379.0,23.984797018337613,1.5891739374166711,0.8272276916170359,,,,,,,,,,,
image_40.png,/content/drive/MyDrive/PHD/Isaac_new/new_file2/seg_paper1_outputs_sigma_push_with_coco_new_and_new2/pred_masks/image_40_pred_mask.png,/content/drive/MyDrive/PHD/Isaac_new/new_file2/seg_paper1_outputs_sigma_push_with_coco_new_and_new2/overlays/image_40_overlay.png,0.4366845703125,325.0,25.720183523218942,1.5790186221594744,0.8321104286897046,,,,,,,,,,,
image_41.png,/content/drive/MyDrive/PHD/Isaac_new/new_file2/seg_paper1_outputs_sigma_push_with_coco_new_and_new2/pred_masks/image_41_pred_mask.png,/content/drive/MyDrive/PHD/Isaac_new/new_file2/seg_paper1_outputs_sigma_push_with_coco_new_and_new2/overlays/image_41_overlay.png,0.4836767578125,451.0,22.986947307486577,1.51178458739308,0.8512090499023884,,,,,,,,,,,
image_42.png,/content/drive/MyDrive/PHD/Isaac_new/new_file2/seg_paper1_outputs_sigma_push_with_coco_new_and_new2/pred_masks/image_42_pred_mask.png,/content/drive/MyDrive/PHD/Isaac_new/new_file2/seg_paper1_outputs_sigma_push_with_coco_new_and_new2/overlays/image_42_overlay.png,0.5311083984375,363.0,26.62391428777589,2.191578024916685,0.7374040175010657,,,,,,,,,,,
image_43.png,/content/drive/MyDrive/PHD/Isaac_new/new_file2/seg_paper1_outputs_sigma_push_with_coco_new_and_new2/pred_masks/image_43_pred_mask.png,/content/drive/MyDrive/PHD/Isaac_new/new_file2/seg_paper1_outputs_sigma_push_with_coco_new_and_new2/overlays/image_43_overlay.png,0.4157373046875,534.0,19.65262437340885,1.530407944595188,0.8833865036696772,,,,,,,,,,,
image_44.png,/content/drive/MyDrive/PHD/Isaac_new/new_file2/seg_paper1_outputs_sigma_push_with_coco_new_and_new2/pred_masks/image_44_pred_mask.png,/content/drive/MyDrive/PHD/Isaac_new/new_file2/seg_paper1_outputs_sigma_push_with_coco_new_and_new2/overlays/image_44_overlay.png,0.47050048828125,745.0,17.607667393560043,1.9357528817366008,0.824764300894504,,,,,,,,,,,
image_47.png,/content/drive/MyDrive/PHD/Isaac_new/new_file2/seg_paper1_outputs_sigma_push_with_coco_new_and_new2/pred_masks/image_47_pred_mask.png,/content/drive/MyDrive/PHD/Isaac_new/new_file2/seg_paper1_outputs_sigma_push_with_coco_new_and_new2/overlays/image_47_overlay.png,0.44664306640625,293.0,26.788298965658985,1.618116053200749,0.8362588957038107,,,,,,,,,,,
image_49.png,/content/drive/MyDrive/PHD/Isaac_new/new_file2/seg_paper1_outputs_sigma_push_with_coco_new_and_new2/pred_masks/image_49_pred_mask.png,/content/drive/MyDrive/PHD/Isaac_new/new_file2/seg_paper1_outputs_sigma_push_with_coco_new_and_new2/overlays/image_49_overlay.png,0.50993896484375,303.0,28.02284698212092,1.950045897744852,0.7613525274281885,,,,,,,,,,,
image_5.png,/content/drive/MyDrive/PHD/Isaac_new/new_file2/seg_paper1_outputs_sigma_push_with_coco_new_and_new2/pred_masks/image_5_pred_mask.png,/content/drive/MyDrive/PHD/Isaac_new/new_file2/seg_paper1_outputs_sigma_push_with_coco_new_and_new2/overlays/image_5_overlay.png,0.55884521484375,230.0,33.921255766496124,1.7467767192410777,0.7737250892099529,,,,,,,,,,,
image_50.png,/content/drive/MyDrive/PHD/Isaac_new/new_file2/seg_paper1_outputs_sigma_push_with_coco_new_and_new2/pred_masks/image_50_pred_mask.png,/content/drive/MyDrive/PHD/Isaac_new/new_file2/seg_paper1_outputs_sigma_push_with_coco_new_and_new2/overlays/image_50_overlay.png,0.5650146484375,121.0,46.2688571154063,2.5363710467149767,0.643768817059187,,,,,,,,,,,
image_52.png,/content/drive/MyDrive/PHD/Isaac_new/new_file2/seg_paper1_outputs_sigma_push_with_coco_new_and_new2/pred_masks/image_52_pred_mask.png,/content/drive/MyDrive/PHD/Isaac_new/new_file2/seg_paper1_outputs_sigma_push_with_coco_new_and_new2/overlays/image_52_overlay.png,0.4588671875,49.0,63.77016488808968,2.2752180173531777,0.7030397298176596,,,,,,,,,,,
image_53.png,/content/drive/MyDrive/PHD/Isaac_new/new_file2/seg_paper1_outputs_sigma_push_with_coco_new_and_new2/pred_masks/image_53_pred_mask.png,/content/drive/MyDrive/PHD/Isaac_new/new_file2/seg_paper1_outputs_sigma_push_with_coco_new_and_new2/overlays/image_53_overlay.png,0.50386962890625,132.0,42.71752501284784,1.7709872545465704,0.7620542696646149,,,,,,,,,,,
image_54.png,/content/drive/MyDrive/PHD/Isaac_new/new_file2/seg_paper1_outputs_sigma_push_with_coco_new_and_new2/pred_masks/image_54_pred_mask.png,/content/drive/MyDrive/PHD/Isaac_new/new_file2/seg_paper1_outputs_sigma_push_with_coco_new_and_new2/overlays/image_54_overlay.png,0.50037109375,112.0,46.56780649723795,1.995506828893154,0.7548109011479974,,,,,,,,,,,
image_55.png,/content/drive/MyDrive/PHD/Isaac_new/new_file2/seg_paper1_outputs_sigma_push_with_coco_new_and_new2/pred_masks/image_55_pred_mask.png,/content/drive/MyDrive/PHD/Isaac_new/new_file2/seg_paper1_outputs_sigma_push_with_coco_new_and_new2/overlays/image_55_overlay.png,0.5648974609375,81.0,55.44422805352512,1.850473914810836,0.7676728287293716,,,,,,,,,,,
image_56.png,/content/drive/MyDrive/PHD/Isaac_new/new_file2/seg_paper1_outputs_sigma_push_with_coco_new_and_new2/pred_masks/image_56_pred_mask.png,/content/drive/MyDrive/PHD/Isaac_new/new_file2/seg_paper1_outputs_sigma_push_with_coco_new_and_new2/overlays/image_56_overlay.png,0.38859375,197.0,28.64435819262007,1.9135050518855885,0.7075284812262663,,,,,,,,,,,
image_57.png,/content/drive/MyDrive/PHD/Isaac_new/new_file2/seg_paper1_outputs_sigma_push_with_coco_new_and_new2/pred_masks/image_57_pred_mask.png,/content/drive/MyDrive/PHD/Isaac_new/new_file2/seg_paper1_outputs_sigma_push_with_coco_new_and_new2/overlays/image_57_overlay.png,0.7160205078125,29.0,111.80994394919762,1.8237828350709056,0.7430444017559976,,,,,,,,,,,
image_58.png,/content/drive/MyDrive/PHD/Isaac_new/new_file2/seg_paper1_outputs_sigma_push_with_coco_new_and_new2/pred_masks/image_58_pred_mask.png,/content/drive/MyDrive/PHD/Isaac_new/new_file2/seg_paper1_outputs_sigma_push_with_coco_new_and_new2/overlays/image_58_overlay.png,0.38859375,197.0,28.64435819262007,1.9135050518855885,0.7075284812262663,,,,,,,,,,,
image_59.png,/content/drive/MyDrive/PHD/Isaac_new/new_file2/seg_paper1_outputs_sigma_push_with_coco_new_and_new2/pred_masks/image_59_pred_mask.png,/content/drive/MyDrive/PHD/Isaac_new/new_file2/seg_paper1_outputs_sigma_push_with_coco_new_and_new2/overlays/image_59_overlay.png,0.42748779296875,304.0,26.411702807339697,1.4787640565718558,0.851335631442127,,,,,,,,,,,
image_60.png,/content/drive/MyDrive/PHD/Isaac_new/new_file2/seg_paper1_outputs_sigma_push_with_coco_new_and_new2/pred_masks/image_60_pred_mask.png,/content/drive/MyDrive/PHD/Isaac_new/new_file2/seg_paper1_outputs_sigma_push_with_coco_new_and_new2/overlays/image_60_overlay.png,0.56154296875,107.0,49.34806899300087,1.8844997342258925,0.7638531066473895,,,,,,,,,,,
image_61.png,/content/drive/MyDrive/PHD/Isaac_new/new_file2/seg_paper1_outputs_sigma_push_with_coco_new_and_new2/pred_masks/image_61_pred_mask.png,/content/drive/MyDrive/PHD/Isaac_new/new_file2/seg_paper1_outputs_sigma_push_with_coco_new_and_new2/overlays/image_61_overlay.png,0.51236083984375,216.0,33.58553733861525,1.657797090161701,0.8115706703629765,,,,,,,,,,,
image_62.png,/content/drive/MyDrive/PHD/Isaac_new/new_file2/seg_paper1_outputs_sigma_push_with_coco_new_and_new2/pred_masks/image_62_pred_mask.png,/content/drive/MyDrive/PHD/Isaac_new/new_file2/seg_paper1_outputs_sigma_push_with_coco_new_and_new2/overlays/image_62_overlay.png,0.5113427734375,231.0,32.47559757278194,1.8159196956590904,0.7765948432827,,,,,,,,,,,
image_63.png,/content/drive/MyDrive/PHD/Isaac_new/new_file2/seg_paper1_outputs_sigma_push_with_coco_new_and_new2/pred_masks/image_63_pred_mask.png,/content/drive/MyDrive/PHD/Isaac_new/new_file2/seg_paper1_outputs_sigma_push_with_coco_new_and_new2/overlays/image_63_overlay.png,0.6036328125,121.0,48.762436511009845,2.042027777751797,0.7443460964297619,,,,,,,,,,,
image_64.png,/content/drive/MyDrive/PHD/Isaac_new/new_file2/seg_paper1_outputs_sigma_push_with_coco_new_and_new2/pred_masks/image_64_pred_mask.png,/content/drive/MyDrive/PHD/Isaac_new/new_file2/seg_paper1_outputs_sigma_push_with_coco_new_and_new2/overlays/image_64_overlay.png,0.58447021484375,165.0,41.11460400981482,1.7683840154164314,0.8068032062875743,,,,,,,,,,,
image_65.png,/content/drive/MyDrive/PHD/Isaac_new/new_file2/seg_paper1_outputs_sigma_push_with_coco_new_and_new2/pred_masks/image_65_pred_mask.png,/content/drive/MyDrive/PHD/Isaac_new/new_file2/seg_paper1_outputs_sigma_push_with_coco_new_and_new2/overlays/image_65_overlay.png,0.4223583984375,527.0,19.54105423828869,1.618144015001572,0.83002001256675,,,,,,,,,,,
image_66.png,/content/drive/MyDrive/PHD/Isaac_new/new_file2/seg_paper1_outputs_sigma_push_with_coco_new_and_new2/pred_masks/image_66_pred_mask.png,/content/drive/MyDrive/PHD/Isaac_new/new_file2/seg_paper1_outputs_sigma_push_with_coco_new_and_new2/overlays/image_66_overlay.png,0.4296923828125,308.0,26.292976944620253,1.5217943600285544,0.8475853798380357,,,,,,,,,,,
image_67.png,/content/drive/MyDrive/PHD/Isaac_new/new_file2/seg_paper1_outputs_sigma_push_with_coco_new_and_new2/pred_masks/image_67_pred_mask.png,/content/drive/MyDrive/PHD/Isaac_new/new_file2/seg_paper1_outputs_sigma_push_with_coco_new_and_new2/overlays/image_67_overlay.png,0.58812744140625,113.0,48.84789523632014,1.7207368307018291,0.7773572707362882,,,,,,,,,,,
image_68.png,/content/drive/MyDrive/PHD/Isaac_new/new_file2/seg_paper1_outputs_sigma_push_with_coco_new_and_new2/pred_masks/image_68_pred_mask.png,/content/drive/MyDrive/PHD/Isaac_new/new_file2/seg_paper1_outputs_sigma_push_with_coco_new_and_new2/overlays/image_68_overlay.png,0.470048828125,321.0,26.50198358484746,1.7308308159389538,0.8243445692233311,,,,,,,,,,,
image_69.png,/content/drive/MyDrive/PHD/Isaac_new/new_file2/seg_paper1_outputs_sigma_push_with_coco_new_and_new2/pred_masks/image_69_pred_mask.png,/content/drive/MyDrive/PHD/Isaac_new/new_file2/seg_paper1_outputs_sigma_push_with_coco_new_and_new2/overlays/image_69_overlay.png,0.40301025390625,151.0,35.24264871909608,1.5189643447120995,0.8525589198081981,,,,,,,,,,,
image_7.png,/content/drive/MyDrive/PHD/Isaac_new/new_file2/seg_paper1_outputs_sigma_push_with_coco_new_and_new2/pred_masks/image_7_pred_mask.png,/content/drive/MyDrive/PHD/Isaac_new/new_file2/seg_paper1_outputs_sigma_push_with_coco_new_and_new2/overlays/image_7_overlay.png,0.3090673828125,440.0,18.54562378722608,1.3521232514244426,0.928209030518367,,,,,,,,,,,
image_70.png,/content/drive/MyDrive/PHD/Isaac_new/new_file2/seg_paper1_outputs_sigma_push_with_coco_new_and_new2/pred_masks/image_70_pred_mask.png,/content/drive/MyDrive/PHD/Isaac_new/new_file2/seg_paper1_outputs_sigma_push_with_coco_new_and_new2/overlays/image_70_overlay.png,0.53759521484375,81.0,54.70828894625308,1.7937221433790158,0.7539768380454764,,,,,,,,,,,
image_71.png,/content/drive/MyDrive/PHD/Isaac_new/new_file2/seg_paper1_outputs_sigma_push_with_coco_new_and_new2/pred_masks/image_71_pred_mask.png,/content/drive/MyDrive/PHD/Isaac_new/new_file2/seg_paper1_outputs_sigma_push_with_coco_new_and_new2/overlays/image_71_overlay.png,0.53678955078125,109.0,48.07679196620345,1.838039207294944,0.7341324816929959,,,,,,,,,,,
image_72.png,/content/drive/MyDrive/PHD/Isaac_new/new_file2/seg_paper1_outputs_sigma_push_with_coco_new_and_new2/pred_masks/image_72_pred_mask.png,/content/drive/MyDrive/PHD/Isaac_new/new_file2/seg_paper1_outputs_sigma_push_with_coco_new_and_new2/overlays/image_72_overlay.png,0.4524169921875,297.0,26.87578031481296,1.767767405476447,0.8264711685860402,,,,,,,,,,,
image_73.png,/content/drive/MyDrive/PHD/Isaac_new/new_file2/seg_paper1_outputs_sigma_push_with_coco_new_and_new2/pred_masks/image_73_pred_mask.png,/content/drive/MyDrive/PHD/Isaac_new/new_file2/seg_paper1_outputs_sigma_push_with_coco_new_and_new2/overlays/image_73_overlay.png,0.48614990234375,183.0,35.80287214924787,1.5983729694720243,0.818607827653244,,,,,,,,,,,
image_74.png,/content/drive/MyDrive/PHD/Isaac_new/new_file2/seg_paper1_outputs_sigma_push_with_coco_new_and_new2/pred_masks/image_74_pred_mask.png,/content/drive/MyDrive/PHD/Isaac_new/new_file2/seg_paper1_outputs_sigma_push_with_coco_new_and_new2/overlays/image_74_overlay.png,0.20850830078125,87.0,33.520438409058926,2.005739813115799,0.7957740821853434,,,,,,,,,,,
image_75.png,/content/drive/MyDrive/PHD/Isaac_new/new_file2/seg_paper1_outputs_sigma_push_with_coco_new_and_new2/pred_masks/image_75_pred_mask.png,/content/drive/MyDrive/PHD/Isaac_new/new_file2/seg_paper1_outputs_sigma_push_with_coco_new_and_new2/overlays/image_75_overlay.png,0.51416015625,129.0,42.32081887127699,1.7288397039860222,0.7709243368457002,,,,,,,,,,,
image_76.png,/content/drive/MyDrive/PHD/Isaac_new/new_file2/seg_paper1_outputs_sigma_push_with_coco_new_and_new2/pred_masks/image_76_pred_mask.png,/content/drive/MyDrive/PHD/Isaac_new/new_file2/seg_paper1_outputs_sigma_push_with_coco_new_and_new2/overlays/image_76_overlay.png,0.37419189453125,326.0,23.396222664901337,2.579903925336559,0.7392875174434687,,,,,,,,,,,
image_77.png,/content/drive/MyDrive/PHD/Isaac_new/new_file2/seg_paper1_outputs_sigma_push_with_coco_new_and_new2/pred_masks/image_77_pred_mask.png,/content/drive/MyDrive/PHD/Isaac_new/new_file2/seg_paper1_outputs_sigma_push_with_coco_new_and_new2/overlays/image_77_overlay.png,0.62375244140625,84.0,55.16840301007269,2.753244499642145,0.6659178693398407,,,,,,,,,,,
image_78.png,/content/drive/MyDrive/PHD/Isaac_new/new_file2/seg_paper1_outputs_sigma_push_with_coco_new_and_new2/pred_masks/image_78_pred_mask.png,/content/drive/MyDrive/PHD/Isaac_new/new_file2/seg_paper1_outputs_sigma_push_with_coco_new_and_new2/overlays/image_78_overlay.png,0.44420654296875,422.0,22.313860205499623,1.80483922406385,0.8151252483888527,,,,,,,,,,,
image_79.png,/content/drive/MyDrive/PHD/Isaac_new/new_file2/seg_paper1_outputs_sigma_push_with_coco_new_and_new2/pred_masks/image_79_pred_mask.png,/content/drive/MyDrive/PHD/Isaac_new/new_file2/seg_paper1_outputs_sigma_push_with_coco_new_and_new2/overlays/image_79_overlay.png,0.3222802734375,369.0,20.52703931044863,1.7438529686467017,0.8658914695248404,,,,,,,,,,,
image_8.png,/content/drive/MyDrive/PHD/Isaac_new/new_file2/seg_paper1_outputs_sigma_push_with_coco_new_and_new2/pred_masks/image_8_pred_mask.png,/content/drive/MyDrive/PHD/Isaac_new/new_file2/seg_paper1_outputs_sigma_push_with_coco_new_and_new2/overlays/image_8_overlay.png,0.38300048828125,311.0,24.174349931258693,3.445516157432948,0.6482281648518514,,,,,,,,,,,
image_80.png,/content/drive/MyDrive/PHD/Isaac_new/new_file2/seg_paper1_outputs_sigma_push_with_coco_new_and_new2/pred_masks/image_80_pred_mask.png,/content/drive/MyDrive/PHD/Isaac_new/new_file2/seg_paper1_outputs_sigma_push_with_coco_new_and_new2/overlays/image_80_overlay.png,0.2727392578125,637.0,14.473136624191971,1.6712393791342115,0.8914426312226239,,,,,,,,,,,
image_81.png,/content/drive/MyDrive/PHD/Isaac_new/new_file2/seg_paper1_outputs_sigma_push_with_coco_new_and_new2/pred_masks/image_81_pred_mask.png,/content/drive/MyDrive/PHD/Isaac_new/new_file2/seg_paper1_outputs_sigma_push_with_coco_new_and_new2/overlays/image_81_overlay.png,0.29668212890625,624.0,14.907815823780057,2.103857864069948,0.8234820755570211,,,,,,,,,,,
image_82.png,/content/drive/MyDrive/PHD/Isaac_new/new_file2/seg_paper1_outputs_sigma_push_with_coco_new_and_new2/pred_masks/image_82_pred_mask.png,/content/drive/MyDrive/PHD/Isaac_new/new_file2/seg_paper1_outputs_sigma_push_with_coco_new_and_new2/overlays/image_82_overlay.png,0.39766845703125,326.0,24.31593769227561,1.6661703153936869,0.816561868552466,,,,,,,,,,,
image_83.png,/content/drive/MyDrive/PHD/Isaac_new/new_file2/seg_paper1_outputs_sigma_push_with_coco_new_and_new2/pred_masks/image_83_pred_mask.png,/content/drive/MyDrive/PHD/Isaac_new/new_file2/seg_paper1_outputs_sigma_push_with_coco_new_and_new2/overlays/image_83_overlay.png,0.41897705078125,137.0,35.06209423976105,1.7947930048133174,0.734292345988471,,,,,,,,,,,
image_84.png,/content/drive/MyDrive/PHD/Isaac_new/new_file2/seg_paper1_outputs_sigma_push_with_coco_new_and_new2/pred_masks/image_84_pred_mask.png,/content/drive/MyDrive/PHD/Isaac_new/new_file2/seg_paper1_outputs_sigma_push_with_coco_new_and_new2/overlays/image_84_overlay.png,0.463447265625,202.0,33.678511693331025,1.54530654054087,0.8239129934084876,,,,,,,,,,,
image_85.png,/content/drive/MyDrive/PHD/Isaac_new/new_file2/seg_paper1_outputs_sigma_push_with_coco_new_and_new2/pred_masks/image_85_pred_mask.png,/content/drive/MyDrive/PHD/Isaac_new/new_file2/seg_paper1_outputs_sigma_push_with_coco_new_and_new2/overlays/image_85_overlay.png,0.52701171875,108.0,48.51185703867319,1.6533745510226228,0.794300686841778,,,,,,,,,,,
image_86.png,/content/drive/MyDrive/PHD/Isaac_new/new_file2/seg_paper1_outputs_sigma_push_with_coco_new_and_new2/pred_masks/image_86_pred_mask.png,/content/drive/MyDrive/PHD/Isaac_new/new_file2/seg_paper1_outputs_sigma_push_with_coco_new_and_new2/overlays/image_86_overlay.png,0.44653076171875,184.0,33.152310794638154,2.465833767418593,0.6640461334348322,,,,,,,,,,,
image_87.png,/content/drive/MyDrive/PHD/Isaac_new/new_file2/seg_paper1_outputs_sigma_push_with_coco_new_and_new2/pred_masks/image_87_pred_mask.png,/content/drive/MyDrive/PHD/Isaac_new/new_file2/seg_paper1_outputs_sigma_push_with_coco_new_and_new2/overlays/image_87_overlay.png,0.430439453125,180.0,33.66417645521547,1.696681844508385,0.7893655402662981,,,,,,,,,,,
image_88.png,/content/drive/MyDrive/PHD/Isaac_new/new_file2/seg_paper1_outputs_sigma_push_with_coco_new_and_new2/pred_masks/image_88_pred_mask.png,/content/drive/MyDrive/PHD/Isaac_new/new_file2/seg_paper1_outputs_sigma_push_with_coco_new_and_new2/overlays/image_88_overlay.png,0.5822607421875,113.0,48.53705386963501,1.7023509756993125,0.773183642254147,,,,,,,,,,,
image_89.png,/content/drive/MyDrive/PHD/Isaac_new/new_file2/seg_paper1_outputs_sigma_push_with_coco_new_and_new2/pred_masks/image_89_pred_mask.png,/content/drive/MyDrive/PHD/Isaac_new/new_file2/seg_paper1_outputs_sigma_push_with_coco_new_and_new2/overlays/image_89_overlay.png,0.457685546875,298.0,26.873342345675,1.6250631730262377,0.7958980516309085,,,,,,,,,,,
image_9.png,/content/drive/MyDrive/PHD/Isaac_new/new_file2/seg_paper1_outputs_sigma_push_with_coco_new_and_new2/pred_masks/image_9_pred_mask.png,/content/drive/MyDrive/PHD/Isaac_new/new_file2/seg_paper1_outputs_sigma_push_with_coco_new_and_new2/overlays/image_9_overlay.png,0.4293017578125,279.0,27.53065812640247,1.6862610804756717,0.8257247114533843,,,,,,,,,,,
image_90.png,/content/drive/MyDrive/PHD/Isaac_new/new_file2/seg_paper1_outputs_sigma_push_with_coco_new_and_new2/pred_masks/image_90_pred_mask.png,/content/drive/MyDrive/PHD/Isaac_new/new_file2/seg_paper1_outputs_sigma_push_with_coco_new_and_new2/overlays/image_90_overlay.png,0.4193896484375,193.0,32.430129280661646,1.6199362864723166,0.8052858349371792,,,,,,,,,,,
image_91.png,/content/drive/MyDrive/PHD/Isaac_new/new_file2/seg_paper1_outputs_sigma_push_with_coco_new_and_new2/pred_masks/image_91_pred_mask.png,/content/drive/MyDrive/PHD/Isaac_new/new_file2/seg_paper1_outputs_sigma_push_with_coco_new_and_new2/overlays/image_91_overlay.png,0.43903076171875,193.0,33.19329963386525,1.6377396429295723,0.7970312496474523,,,,,,,,,,,
image_92.png,/content/drive/MyDrive/PHD/Isaac_new/new_file2/seg_paper1_outputs_sigma_push_with_coco_new_and_new2/pred_masks/image_92_pred_mask.png,/content/drive/MyDrive/PHD/Isaac_new/new_file2/seg_paper1_outputs_sigma_push_with_coco_new_and_new2/overlays/image_92_overlay.png,0.34737060546875,169.0,31.29561059255724,1.5838698122522654,0.8207232667765176,,,,,,,,,,,
image_93.png,/content/drive/MyDrive/PHD/Isaac_new/new_file2/seg_paper1_outputs_sigma_push_with_coco_new_and_new2/pred_masks/image_93_pred_mask.png,/content/drive/MyDrive/PHD/Isaac_new/new_file2/seg_paper1_outputs_sigma_push_with_coco_new_and_new2/overlays/image_93_overlay.png,0.69471435546875,298.0,33.32197523463518,1.6481702361986792,0.7380044705562216,,,,,,,,,,,
image_94.png,/content/drive/MyDrive/PHD/Isaac_new/new_file2/seg_paper1_outputs_sigma_push_with_coco_new_and_new2/pred_masks/image_94_pred_mask.png,/content/drive/MyDrive/PHD/Isaac_new/new_file2/seg_paper1_outputs_sigma_push_with_coco_new_and_new2/overlays/image_94_overlay.png,0.6025048828125,85.0,54.72655846282843,3.474702070660919,0.4820527125139391,,,,,,,,,,,
image_95.png,/content/drive/MyDrive/PHD/Isaac_new/new_file2/seg_paper1_outputs_sigma_push_with_coco_new_and_new2/pred_masks/image_95_pred_mask.png,/content/drive/MyDrive/PHD/Isaac_new/new_file2/seg_paper1_outputs_sigma_push_with_coco_new_and_new2/overlays/image_95_overlay.png,0.61015869140625,162.0,42.17869005197368,1.5960416489339364,0.7504331761674065,,,,,,,,,,,
image_96.png,/content/drive/MyDrive/PHD/Isaac_new/new_file2/seg_paper1_outputs_sigma_push_with_coco_new_and_new2/pred_masks/image_96_pred_mask.png,/content/drive/MyDrive/PHD/Isaac_new/new_file2/seg_paper1_outputs_sigma_push_with_coco_new_and_new2/overlays/image_96_overlay.png,0.57263427734375,463.0,24.38080908388074,1.5964263937702503,0.8227536476697644,,,,,,,,,,,
image_97.png,/content/drive/MyDrive/PHD/Isaac_new/new_file2/seg_paper1_outputs_sigma_push_with_coco_new_and_new2/pred_masks/image_97_pred_mask.png,/content/drive/MyDrive/PHD/Isaac_new/new_file2/seg_paper1_outputs_sigma_push_with_coco_new_and_new2/overlays/image_97_overlay.png,0.3084521484375,445.0,18.59044646961716,1.7477672043297672,0.8551136503244523,,,,,,,,,,,
image_98.png,/content/drive/MyDrive/PHD/Isaac_new/new_file2/seg_paper1_outputs_sigma_push_with_coco_new_and_new2/pred_masks/image_98_pred_mask.png,/content/drive/MyDrive/PHD/Isaac_new/new_file2/seg_paper1_outputs_sigma_push_with_coco_new_and_new2/overlays/image_98_overlay.png,0.26485595703125,497.0,15.898307424575965,2.1846599675002447,0.7284004584907774,,,,,,,,,,,
image_99.png,/content/drive/MyDrive/PHD/Isaac_new/new_file2/seg_paper1_outputs_sigma_push_with_coco_new_and_new2/pred_masks/image_99_pred_mask.png,/content/drive/MyDrive/PHD/Isaac_new/new_file2/seg_paper1_outputs_sigma_push_with_coco_new_and_new2/overlays/image_99_overlay.png,0.5321826171875,101.0,44.92241263581909,2.017455363139794,0.7083066477313764,,,,,,,,,,,
IMAGE1.png,/content/drive/MyDrive/PHD/Isaac_new/new_file2/seg_paper1_outputs_sigma_push_with_coco_new_and_new2/pred_masks/IMAGE1_pred_mask.png,/content/drive/MyDrive/PHD/Isaac_new/new_file2/seg_paper1_outputs_sigma_push_with_coco_new_and_new2/overlays/IMAGE1_overlay.png,,,,,,/content/drive/MyDrive/PHD/Isaac_new/new_file2/seg_paper1_outputs_sigma_push_with_coco_new_and_new2/merged_dataset_work/merged_images/IMAGE1.png,/content/drive/MyDrive/PHD/Isaac_new/new_file2/seg_paper1_outputs_sigma_push_with_coco_new_and_new2/merged_dataset_work/merged_images/IMAGE1.png,118.0,0.3693911436096252,117.0,768.9322033898305,28.876016284307173,1.874150600535582,0.815713856275698,102.02739720122288,31.841110229492188
IMAGE2.png,/content/drive/MyDrive/PHD/Isaac_new/new_file2/seg_paper1_outputs_sigma_push_with_coco_new_and_new2/pred_masks/IMAGE2_pred_mask.png,/content/drive/MyDrive/PHD/Isaac_new/new_file2/seg_paper1_outputs_sigma_push_with_coco_new_and_new2/overlays/IMAGE2_overlay.png,,,,,,/content/drive/MyDrive/PHD/Isaac_new/new_file2/seg_paper1_outputs_sigma_push_with_coco_new_and_new2/merged_dataset_work/merged_images/IMAGE2.png,/content/drive/MyDrive/PHD/Isaac_new/new_file2/seg_paper1_outputs_sigma_push_with_coco_new_and_new2/merged_dataset_work/merged_images/IMAGE2.png,175.0,0.257518193381571,175.0,352.8514285714286,20.60012563452281,1.3872559529343407,0.8943049327858661,68.67062958308628,25.836864471435547
IMAGE3.jpg,/content/drive/MyDrive/PHD/Isaac_new/new_file2/seg_paper1_outputs_sigma_push_with_coco_new_and_new2/pred_masks/IMAGE3_pred_mask.png,/content/drive/MyDrive/PHD/Isaac_new/new_file2/seg_paper1_outputs_sigma_push_with_coco_new_and_new2/overlays/IMAGE3_overlay.png,,,,,,/content/drive/MyDrive/PHD/Isaac_new/new_file2/seg_paper1_outputs_sigma_push_with_coco_new_and_new2/merged_dataset_work/merged_images/IMAGE3.jpg,/content/drive/MyDrive/PHD/Isaac_new/new_file2/seg_paper1_outputs_sigma_push_with_coco_new_and_new2/merged_dataset_work/merged_images/IMAGE3.jpg,447.0,0.38239981785063754,446.0,37.572706935123044,6.6684232727241035,1.5860889597936654,1.0798974745266314,20.834995470057663,7.117764472961426
IMAGE4.png,/content/drive/MyDrive/PHD/Isaac_new/new_file2/seg_paper1_outputs_sigma_push_with_coco_new_and_new2/pred_masks/IMAGE4_pred_mask.png,/content/drive/MyDrive/PHD/Isaac_new/new_file2/seg_paper1_outputs_sigma_push_with_coco_new_and_new2/overlays/IMAGE4_overlay.png,,,,,,/content/drive/MyDrive/PHD/Isaac_new/new_file2/seg_paper1_outputs_sigma_push_with_coco_new_and_new2/merged_dataset_work/merged_images/IMAGE4.png,/content/drive/MyDrive/PHD/Isaac_new/new_file2/seg_paper1_outputs_sigma_push_with_coco_new_and_new2/merged_dataset_work/merged_images/IMAGE4.png,278.0,0.3431840808969462,277.0,379.71223021582733,17.927133885224126,1.4572114626187644,0.9213880237270866,64.31859231252464,20.88693618774414
IMAGE5.png,/content/drive/MyDrive/PHD/Isaac_new/new_file2/seg_paper1_outputs_sigma_push_with_coco_new_and_new2/pred_masks/IMAGE5_pred_mask.png,/content/drive/MyDrive/PHD/Isaac_new/new_file2/seg_paper1_outputs_sigma_push_with_coco_new_and_new2/overlays/IMAGE5_overlay.png,,,,,,/content/drive/MyDrive/PHD/Isaac_new/new_file2/seg_paper1_outputs_sigma_push_with_coco_new_and_new2/merged_dataset_work/merged_images/IMAGE5.png,/content/drive/MyDrive/PHD/Isaac_new/new_file2/seg_paper1_outputs_sigma_push_with_coco_new_and_new2/merged_dataset_work/merged_images/IMAGE5.png,290.0,0.4990481082006506,288.0,1012.3275862068965,33.46577007874508,1.6550131245297377,0.7827284339818046,122.08001527498509,33.42863082885742
IMAGE6.png,/content/drive/MyDrive/PHD/Isaac_new/new_file2/seg_paper1_outputs_sigma_push_with_coco_new_and_new2/pred_masks/IMAGE6_pred_mask.png,/content/drive/MyDrive/PHD/Isaac_new/new_file2/seg_paper1_outputs_sigma_push_with_coco_new_and_new2/overlays/IMAGE6_overlay.png,,,,,,/content/drive/MyDrive/PHD/Isaac_new/new_file2/seg_paper1_outputs_sigma_push_with_coco_new_and_new2/merged_dataset_work/merged_images/IMAGE6.png,/content/drive/MyDrive/PHD/Isaac_new/new_file2/seg_paper1_outputs_sigma_push_with_coco_new_and_new2/merged_dataset_work/merged_images/IMAGE6.png,123.0,0.35389927310488056,124.0,1111.0,34.58617715688204,1.8942797458355014,0.7824905032756353,123.60823354197711,39.23533248901367
IMAGE7.png,/content/drive/MyDrive/PHD/Isaac_new/new_file2/seg_paper1_outputs_sigma_push_with_coco_new_and_new2/pred_masks/IMAGE7_pred_mask.png,/content/drive/MyDrive/PHD/Isaac_new/new_file2/seg_paper1_outputs_sigma_push_with_coco_new_and_new2/overlays/IMAGE7_overlay.png,,,,,,/content/drive/MyDrive/PHD/Isaac_new/new_file2/seg_paper1_outputs_sigma_push_with_coco_new_and_new2/merged_dataset_work/merged_images/IMAGE7.png,/content/drive/MyDrive/PHD/Isaac_new/new_file2/seg_paper1_outputs_sigma_push_with_coco_new_and_new2/merged_dataset_work/merged_images/IMAGE7.png,311.0,0.5895521620472592,306.0,1109.3697749196142,36.37693949592584,1.5127488447386486,0.7925369621812681,130.67020722562478,33.85547637939453
IMAGE8.png,/content/drive/MyDrive/PHD/Isaac_new/new_file2/seg_paper1_outputs_sigma_push_with_coco_new_and_new2/pred_masks/IMAGE8_pred_mask.png,/content/drive/MyDrive/PHD/Isaac_new/new_file2/seg_paper1_outputs_sigma_push_with_coco_new_and_new2/overlays/IMAGE8_overlay.png,,,,,,/content/drive/MyDrive/PHD/Isaac_new/new_file2/seg_paper1_outputs_sigma_push_with_coco_new_and_new2/merged_dataset_work/merged_images/IMAGE8.png,/content/drive/MyDrive/PHD/Isaac_new/new_file2/seg_paper1_outputs_sigma_push_with_coco_new_and_new2/merged_dataset_work/merged_images/IMAGE8.png,656.0,0.4423731757251049,648.0,257.0518292682927,17.530876273444342,1.4796783743631887,0.8512847091305311,61.264175500448154,18.220775604248047
Image_51.png,/content/drive/MyDrive/PHD/Isaac_new/new_file2/seg_paper1_outputs_sigma_push_with_coco_new_and_new2/pred_masks/Image_51_pred_mask.png,/content/drive/MyDrive/PHD/Isaac_new/new_file2/seg_paper1_outputs_sigma_push_with_coco_new_and_new2/overlays/Image_51_overlay.png,,,,,,/content/drive/MyDrive/PHD/Isaac_new/new_file2/seg_paper1_outputs_sigma_push_with_coco_new_and_new2/merged_dataset_work/merged_images/Image_51.png,/content/drive/MyDrive/PHD/Isaac_new/new_file2/seg_paper1_outputs_sigma_push_with_coco_new_and_new2/merged_dataset_work/merged_images/Image_51.png,403.0,0.259208984375,404.0,263.454094292804,17.406397715428298,1.7721773554130673,0.7247469395832831,67.56579337729414,23.598838806152344
TESTIMAGE.png,/content/drive/MyDrive/PHD/Isaac_new/new_file2/seg_paper1_outputs_sigma_push_with_coco_new_and_new2/pred_masks/TESTIMAGE_pred_mask.png,/content/drive/MyDrive/PHD/Isaac_new/new_file2/seg_paper1_outputs_sigma_push_with_coco_new_and_new2/overlays/TESTIMAGE_overlay.png,,,,,,/content/drive/MyDrive/PHD/Isaac_new/new_file2/seg_paper1_outputs_sigma_push_with_coco_new_and_new2/merged_dataset_work/merged_images/TESTIMAGE.png,/content/drive/MyDrive/PHD/Isaac_new/new_file2/seg_paper1_outputs_sigma_push_with_coco_new_and_new2/merged_dataset_work/merged_images/TESTIMAGE.png,474.0,0.5142468499427262,467.0,167.19620253164558,14.151692488071895,1.4830722743188505,0.8804340660659238,48.36524334587628,14.36704158782959
TESTIMAGEINV.png,/content/drive/MyDrive/PHD/Isaac_new/new_file2/seg_paper1_outputs_sigma_push_with_coco_new_and_new2/pred_masks/TESTIMAGEINV_pred_mask.png,/content/drive/MyDrive/PHD/Isaac_new/new_file2/seg_paper1_outputs_sigma_push_with_coco_new_and_new2/overlays/TESTIMAGEINV_overlay.png,,,,,,/content/drive/MyDrive/PHD/Isaac_new/new_file2/seg_paper1_outputs_sigma_push_with_coco_new_and_new2/merged_dataset_work/merged_images/TESTIMAGEINV.png,/content/drive/MyDrive/PHD/Isaac_new/new_file2/seg_paper1_outputs_sigma_push_with_coco_new_and_new2/merged_dataset_work/merged_images/TESTIMAGEINV.png,437.0,0.6294061751535979,417.0,222.35697940503434,16.313504134155224,1.4753256115159026,0.851978399802125,56.81007724332046,14.9208402633667
TESTIMAGEMINI.png,/content/drive/MyDrive/PHD/Isaac_new/new_file2/seg_paper1_outputs_sigma_push_with_coco_new_and_new2/pred_masks/TESTIMAGEMINI_pred_mask.png,/content/drive/MyDrive/PHD/Isaac_new/new_file2/seg_paper1_outputs_sigma_push_with_coco_new_and_new2/overlays/TESTIMAGEMINI_overlay.png,,,,,,/content/drive/MyDrive/PHD/Isaac_new/new_file2/seg_paper1_outputs_sigma_push_with_coco_new_and_new2/merged_dataset_work/merged_images/TESTIMAGEMINI.png,/content/drive/MyDrive/PHD/Isaac_new/new_file2/seg_paper1_outputs_sigma_push_with_coco_new_and_new2/merged_dataset_work/merged_images/TESTIMAGEMINI.png,81.0,0.6587698016269444,75.0,172.80246913580248,14.101586115012292,1.6924648465543726,0.8397683699476488,50.01071979087076,12.649209022521973
image_1.png,/content/drive/MyDrive/PHD/Isaac_new/new_file2/seg_paper1_outputs_sigma_push_with_coco_new_and_new2/pred_masks/image_1_pred_mask.png,/content/drive/MyDrive/PHD/Isaac_new/new_file2/seg_paper1_outputs_sigma_push_with_coco_new_and_new2/overlays/image_1_overlay.png,,,,,,/content/drive/MyDrive/PHD/Isaac_new/new_file2/seg_paper1_outputs_sigma_push_with_coco_new_and_new2/merged_dataset_work/merged_images/image_1.png,/content/drive/MyDrive/PHD/Isaac_new/new_file2/seg_paper1_outputs_sigma_push_with_coco_new_and_new2/merged_dataset_work/merged_images/image_1.png,251.0,0.47903076171875,247.0,789.4342629482072,29.865244115350745,1.8396845872027159,0.7085849880366547,116.55858250205735,30.321537017822266
image_10.png,/content/drive/MyDrive/PHD/Isaac_new/new_file2/seg_paper1_outputs_sigma_push_with_coco_new_and_new2/pred_masks/image_10_pred_mask.png,/content/drive/MyDrive/PHD/Isaac_new/new_file2/seg_paper1_outputs_sigma_push_with_coco_new_and_new2/overlays/image_10_overlay.png,,,,,,/content/drive/MyDrive/PHD/Isaac_new/new_file2/seg_paper1_outputs_sigma_push_with_coco_new_and_new2/merged_dataset_work/merged_images/image_10.png,/content/drive/MyDrive/PHD/Isaac_new/new_file2/seg_paper1_outputs_sigma_push_with_coco_new_and_new2/merged_dataset_work/merged_images/image_10.png,637.0,0.43828369140625,637.0,281.8226059654631,18.39951245269582,1.86101826645663,0.8279532405489588,64.37825355462414,18.521583557128906
image_100.png,/content/drive/MyDrive/PHD/Isaac_new/new_file2/seg_paper1_outputs_sigma_push_with_coco_new_and_new2/pred_masks/image_100_pred_mask.png,/content/drive/MyDrive/PHD/Isaac_new/new_file2/seg_paper1_outputs_sigma_push_with_coco_new_and_new2/overlays/image_100_overlay.png,,,,,,/content/drive/MyDrive/PHD/Isaac_new/new_file2/seg_paper1_outputs_sigma_push_with_coco_new_and_new2/merged_dataset_work/merged_images/image_100.png,/content/drive/MyDrive/PHD/Isaac_new/new_file2/seg_paper1_outputs_sigma_push_with_coco_new_and_new2/merged_dataset_work/merged_images/image_100.png,140.0,0.460830078125,139.0,1350.1214285714286,39.66819496750353,1.942535990419869,0.7753031281004128,147.28790255188943,40.84090805053711
image_101.png,/content/drive/MyDrive/PHD/Isaac_new/new_file2/seg_paper1_outputs_sigma_push_with_coco_new_and_new2/pred_masks/image_101_pred_mask.png,/content/drive/MyDrive/PHD/Isaac_new/new_file2/seg_paper1_outputs_sigma_push_with_coco_new_and_new2/overlays/image_101_overlay.png,,,,,,/content/drive/MyDrive/PHD/Isaac_new/new_file2/seg_paper1_outputs_sigma_push_with_coco_new_and_new2/merged_dataset_work/merged_images/image_101.png,/content/drive/MyDrive/PHD/Isaac_new/new_file2/seg_paper1_outputs_sigma_push_with_coco_new_and_new2/merged_dataset_work/merged_images/image_101.png,80.0,0.5322998046875,81.0,2725.375,54.810886358076615,1.672955854410159,0.7586937713697267,199.6132181867957,52.894142150878906
image_102.png,/content/drive/MyDrive/PHD/Isaac_new/new_file2/seg_paper1_outputs_sigma_push_with_coco_new_and_new2/pred_masks/image_102_pred_mask.png,/content/drive/MyDrive/PHD/Isaac_new/new_file2/seg_paper1_outputs_sigma_push_with_coco_new_and_new2/overlays/image_102_overlay.png,,,,,,/content/drive/MyDrive/PHD/Isaac_new/new_file2/seg_paper1_outputs_sigma_push_with_coco_new_and_new2/merged_dataset_work/merged_images/image_102.png,/content/drive/MyDrive/PHD/Isaac_new/new_file2/seg_paper1_outputs_sigma_push_with_coco_new_and_new2/merged_dataset_work/merged_images/image_102.png,108.0,0.3905615234375,101.0,1555.6851851851852,40.659547858430614,1.9649127560288477,0.7126107306112062,170.89228798835367,44.042510986328125
image_103.png,/content/drive/MyDrive/PHD/Isaac_new/new_file2/seg_paper1_outputs_sigma_push_with_coco_new_and_new2/pred_masks/image_103_pred_mask.png,/content/drive/MyDrive/PHD/Isaac_new/new_file2/seg_paper1_outputs_sigma_push_with_coco_new_and_new2/overlays/image_103_overlay.png,,,,,,/content/drive/MyDrive/PHD/Isaac_new/new_file2/seg_paper1_outputs_sigma_push_with_coco_new_and_new2/merged_dataset_work/merged_images/image_103.png,/content/drive/MyDrive/PHD/Isaac_new/new_file2/seg_paper1_outputs_sigma_push_with_coco_new_and_new2/merged_dataset_work/merged_images/image_103.png,425.0,0.37761474609375,425.0,363.93176470588236,20.88870334495389,1.8058331297798111,0.827710162805754,72.70446503162384,23.517486572265625
image_104.png,/content/drive/MyDrive/PHD/Isaac_new/new_file2/seg_paper1_outputs_sigma_push_with_coco_new_and_new2/pred_masks/image_104_pred_mask.png,/content/drive/MyDrive/PHD/Isaac_new/new_file2/seg_paper1_outputs_sigma_push_with_coco_new_and_new2/overlays/image_104_overlay.png,,,,,,/content/drive/MyDrive/PHD/Isaac_new/new_file2/seg_paper1_outputs_sigma_push_with_coco_new_and_new2/merged_dataset_work/merged_images/image_104.png,/content/drive/MyDrive/PHD/Isaac_new/new_file2/seg_paper1_outputs_sigma_push_with_coco_new_and_new2/merged_dataset_work/merged_images/image_104.png,131.0,0.3477880859375,130.0,1089.9083969465648,35.964551960111336,1.5412956024240985,0.8328972418396903,124.76419477426369,43.96526336669922
image_105.png,/content/drive/MyDrive/PHD/Isaac_new/new_file2/seg_paper1_outputs_sigma_push_with_coco_new_and_new2/pred_masks/image_105_pred_mask.png,/content/drive/MyDrive/PHD/Isaac_new/new_file2/seg_paper1_outputs_sigma_push_with_coco_new_and_new2/overlays/image_105_overlay.png,,,,,,/content/drive/MyDrive/PHD/Isaac_new/new_file2/seg_paper1_outputs_sigma_push_with_coco_new_and_new2/merged_dataset_work/merged_images/image_105.png,/content/drive/MyDrive/PHD/Isaac_new/new_file2/seg_paper1_outputs_sigma_push_with_coco_new_and_new2/merged_dataset_work/merged_images/image_105.png,160.0,0.44369384765625,160.0,1135.85625,36.57411634723276,1.6401162554265376,0.8009064719107029,128.4855641156435,39.994239807128906
image_106.png,/content/drive/MyDrive/PHD/Isaac_new/new_file2/seg_paper1_outputs_sigma_push_with_coco_new_and_new2/pred_masks/image_106_pred_mask.png,/content/drive/MyDrive/PHD/Isaac_new/new_file2/seg_paper1_outputs_sigma_push_with_coco_new_and_new2/overlays/image_106_overlay.png,,,,,,/content/drive/MyDrive/PHD/Isaac_new/new_file2/seg_paper1_outputs_sigma_push_with_coco_new_and_new2/merged_dataset_work/merged_images/image_106.png,/content/drive/MyDrive/PHD/Isaac_new/new_file2/seg_paper1_outputs_sigma_push_with_coco_new_and_new2/merged_dataset_work/merged_images/image_106.png,545.0,0.26434326171875,545.0,198.6697247706422,15.355896574754077,1.6529350095826756,0.8596750022497366,53.59983556270599,21.475942611694336
image_107.png,/content/drive/MyDrive/PHD/Isaac_new/new_file2/seg_paper1_outputs_sigma_push_with_coco_new_and_new2/pred_masks/image_107_pred_mask.png,/content/drive/MyDrive/PHD/Isaac_new/new_file2/seg_paper1_outputs_sigma_push_with_coco_new_and_new2/overlays/image_107_overlay.png,,,,,,/content/drive/MyDrive/PHD/Isaac_new/new_file2/seg_paper1_outputs_sigma_push_with_coco_new_and_new2/merged_dataset_work/merged_images/image_107.png,/content/drive/MyDrive/PHD/Isaac_new/new_file2/seg_paper1_outputs_sigma_push_with_coco_new_and_new2/merged_dataset_work/merged_images/image_107.png,209.0,0.49850830078125,209.0,976.9808612440191,33.808532077872485,1.758648959568742,0.7930585859381942,120.38805387065742,34.778682708740234
image_108.png,/content/drive/MyDrive/PHD/Isaac_new/new_file2/seg_paper1_outputs_sigma_push_with_coco_new_and_new2/pred_masks/image_108_pred_mask.png,/content/drive/MyDrive/PHD/Isaac_new/new_file2/seg_paper1_outputs_sigma_push_with_coco_new_and_new2/overlays/image_108_overlay.png,,,,,,/content/drive/MyDrive/PHD/Isaac_new/new_file2/seg_paper1_outputs_sigma_push_with_coco_new_and_new2/merged_dataset_work/merged_images/image_108.png,/content/drive/MyDrive/PHD/Isaac_new/new_file2/seg_paper1_outputs_sigma_push_with_coco_new_and_new2/merged_dataset_work/merged_images/image_108.png,61.0,0.648876953125,62.0,4359.3442622950815,67.40883200515705,2.3028381108943363,0.6297451530304244,280.94127809610524,60.33930969238281
image_109.png,/content/drive/MyDrive/PHD/Isaac_new/new_file2/seg_paper1_outputs_sigma_push_with_coco_new_and_new2/pred_masks/image_109_pred_mask.png,/content/drive/MyDrive/PHD/Isaac_new/new_file2/seg_paper1_outputs_sigma_push_with_coco_new_and_new2/overlays/image_109_overlay.png,,,,,,/content/drive/MyDrive/PHD/Isaac_new/new_file2/seg_paper1_outputs_sigma_push_with_coco_new_and_new2/merged_dataset_work/merged_images/image_109.png,/content/drive/MyDrive/PHD/Isaac_new/new_file2/seg_paper1_outputs_sigma_push_with_coco_new_and_new2/merged_dataset_work/merged_images/image_109.png,79.0,0.51307861328125,79.0,2660.215189873418,55.67627545544899,2.0291682637845865,0.7502797412408125,202.45205342467827,56.92601776123047
image_11.png,/content/drive/MyDrive/PHD/Isaac_new/new_file2/seg_paper1_outputs_sigma_push_with_coco_new_and_new2/pred_masks/image_11_pred_mask.png,/content/drive/MyDrive/PHD/Isaac_new/new_file2/seg_paper1_outputs_sigma_push_with_coco_new_and_new2/overlays/image_11_overlay.png,,,,,,/content/drive/MyDrive/PHD/Isaac_new/new_file2/seg_paper1_outputs_sigma_push_with_coco_new_and_new2/merged_dataset_work/merged_images/image_11.png,/content/drive/MyDrive/PHD/Isaac_new/new_file2/seg_paper1_outputs_sigma_push_with_coco_new_and_new2/merged_dataset_work/merged_images/image_11.png,79.0,0.4309423828125,79.0,2234.3544303797466,50.92130901613902,1.739690656577609,0.7442624722386659,186.98836658121664,51.69277572631836
image_12.png,/content/drive/MyDrive/PHD/Isaac_new/new_file2/seg_paper1_outputs_sigma_push_with_coco_new_and_new2/pred_masks/image_12_pred_mask.png,/content/drive/MyDrive/PHD/Isaac_new/new_file2/seg_paper1_outputs_sigma_push_with_coco_new_and_new2/overlays/image_12_overlay.png,,,,,,/content/drive/MyDrive/PHD/Isaac_new/new_file2/seg_paper1_outputs_sigma_push_with_coco_new_and_new2/merged_dataset_work/merged_images/image_12.png,/content/drive/MyDrive/PHD/Isaac_new/new_file2/seg_paper1_outputs_sigma_push_with_coco_new_and_new2/merged_dataset_work/merged_images/image_12.png,990.0,0.41332275390625,990.0,171.0070707070707,14.358494596152429,1.897077508764184,0.8604466462933784,49.45558065489085,14.717784881591797
image_13.png,/content/drive/MyDrive/PHD/Isaac_new/new_file2/seg_paper1_outputs_sigma_push_with_coco_new_and_new2/pred_masks/image_13_pred_mask.png,/content/drive/MyDrive/PHD/Isaac_new/new_file2/seg_paper1_outputs_sigma_push_with_coco_new_and_new2/overlays/image_13_overlay.png,,,,,,/content/drive/MyDrive/PHD/Isaac_new/new_file2/seg_paper1_outputs_sigma_push_with_coco_new_and_new2/merged_dataset_work/merged_images/image_13.png,/content/drive/MyDrive/PHD/Isaac_new/new_file2/seg_paper1_outputs_sigma_push_with_coco_new_and_new2/merged_dataset_work/merged_images/image_13.png,147.0,0.4877294921875,147.0,1359.0068027210884,39.81686814713487,1.922092414307872,0.7844218816064285,146.54748311659105,40.588111877441406
image_14.png,/content/drive/MyDrive/PHD/Isaac_new/new_file2/seg_paper1_outputs_sigma_push_with_coco_new_and_new2/pred_masks/image_14_pred_mask.png,/content/drive/MyDrive/PHD/Isaac_new/new_file2/seg_paper1_outputs_sigma_push_with_coco_new_and_new2/overlays/image_14_overlay.png,,,,,,/content/drive/MyDrive/PHD/Isaac_new/new_file2/seg_paper1_outputs_sigma_push_with_coco_new_and_new2/merged_dataset_work/merged_images/image_14.png,/content/drive/MyDrive/PHD/Isaac_new/new_file2/seg_paper1_outputs_sigma_push_with_coco_new_and_new2/merged_dataset_work/merged_images/image_14.png,392.0,0.2099560546875,392.0,219.3826530612245,16.184561945150776,1.475077143837827,0.897466728379501,54.16145882892366,22.940349578857422
image_15.png,/content/drive/MyDrive/PHD/Isaac_new/new_file2/seg_paper1_outputs_sigma_push_with_coco_new_and_new2/pred_masks/image_15_pred_mask.png,/content/drive/MyDrive/PHD/Isaac_new/new_file2/seg_paper1_outputs_sigma_push_with_coco_new_and_new2/overlays/image_15_overlay.png,,,,,,/content/drive/MyDrive/PHD/Isaac_new/new_file2/seg_paper1_outputs_sigma_push_with_coco_new_and_new2/merged_dataset_work/merged_images/image_15.png,/content/drive/MyDrive/PHD/Isaac_new/new_file2/seg_paper1_outputs_sigma_push_with_coco_new_and_new2/merged_dataset_work/merged_images/image_15.png,183.0,0.4566259765625,182.0,1023.2841530054645,34.97390298745273,1.6823813676179349,0.7833223868333925,124.39558266551117,37.146400451660156
image_16.png,/content/drive/MyDrive/PHD/Isaac_new/new_file2/seg_paper1_outputs_sigma_push_with_coco_new_and_new2/pred_masks/image_16_pred_mask.png,/content/drive/MyDrive/PHD/Isaac_new/new_file2/seg_paper1_outputs_sigma_push_with_coco_new_and_new2/overlays/image_16_overlay.png,,,,,,/content/drive/MyDrive/PHD/Isaac_new/new_file2/seg_paper1_outputs_sigma_push_with_coco_new_and_new2/merged_dataset_work/merged_images/image_16.png,/content/drive/MyDrive/PHD/Isaac_new/new_file2/seg_paper1_outputs_sigma_push_with_coco_new_and_new2/merged_dataset_work/merged_images/image_16.png,113.0,0.58330810546875,113.0,2114.362831858407,50.29337102241213,1.5884402349269187,0.8108977140876167,175.88203286069685,48.72016143798828
image_17.png,/content/drive/MyDrive/PHD/Isaac_new/new_file2/seg_paper1_outputs_sigma_push_with_coco_new_and_new2/pred_masks/image_17_pred_mask.png,/content/drive/MyDrive/PHD/Isaac_new/new_file2/seg_paper1_outputs_sigma_push_with_coco_new_and_new2/overlays/image_17_overlay.png,,,,,,/content/drive/MyDrive/PHD/Isaac_new/new_file2/seg_paper1_outputs_sigma_push_with_coco_new_and_new2/merged_dataset_work/merged_images/image_17.png,/content/drive/MyDrive/PHD/Isaac_new/new_file2/seg_paper1_outputs_sigma_push_with_coco_new_and_new2/merged_dataset_work/merged_images/image_17.png,160.0,0.42998291015625,158.0,1127.18125,35.857168112649845,1.7052548825557445,0.6827102286708142,145.68038375601174,40.01645278930664
image_19.png,/content/drive/MyDrive/PHD/Isaac_new/new_file2/seg_paper1_outputs_sigma_push_with_coco_new_and_new2/pred_masks/image_19_pred_mask.png,/content/drive/MyDrive/PHD/Isaac_new/new_file2/seg_paper1_outputs_sigma_push_with_coco_new_and_new2/overlays/image_19_overlay.png,,,,,,/content/drive/MyDrive/PHD/Isaac_new/new_file2/seg_paper1_outputs_sigma_push_with_coco_new_and_new2/merged_dataset_work/merged_images/image_19.png,/content/drive/MyDrive/PHD/Isaac_new/new_file2/seg_paper1_outputs_sigma_push_with_coco_new_and_new2/merged_dataset_work/merged_images/image_19.png,384.0,0.5047021484375,377.0,541.1692708333334,25.33232125296284,1.8693345520231075,0.7287533706144952,95.19900172483176,23.355276107788086
image_2.png,/content/drive/MyDrive/PHD/Isaac_new/new_file2/seg_paper1_outputs_sigma_push_with_coco_new_and_new2/pred_masks/image_2_pred_mask.png,/content/drive/MyDrive/PHD/Isaac_new/new_file2/seg_paper1_outputs_sigma_push_with_coco_new_and_new2/overlays/image_2_overlay.png,,,,,,/content/drive/MyDrive/PHD/Isaac_new/new_file2/seg_paper1_outputs_sigma_push_with_coco_new_and_new2/merged_dataset_work/merged_images/image_2.png,/content/drive/MyDrive/PHD/Isaac_new/new_file2/seg_paper1_outputs_sigma_push_with_coco_new_and_new2/merged_dataset_work/merged_images/image_2.png,311.0,0.48122314453125,311.0,633.7909967845659,27.459898130993146,1.647455786861201,0.8283125358660413,95.52083467172272,28.724613189697266
image_21.png,/content/drive/MyDrive/PHD/Isaac_new/new_file2/seg_paper1_outputs_sigma_push_with_coco_new_and_new2/pred_masks/image_21_pred_mask.png,/content/drive/MyDrive/PHD/Isaac_new/new_file2/seg_paper1_outputs_sigma_push_with_coco_new_and_new2/overlays/image_21_overlay.png,,,,,,/content/drive/MyDrive/PHD/Isaac_new/new_file2/seg_paper1_outputs_sigma_push_with_coco_new_and_new2/merged_dataset_work/merged_images/image_21.png,/content/drive/MyDrive/PHD/Isaac_new/new_file2/seg_paper1_outputs_sigma_push_with_coco_new_and_new2/merged_dataset_work/merged_images/image_21.png,155.0,0.41127685546875,150.0,1103.2193548387097,36.324335498673584,1.578295820321074,0.8158290651138631,128.35383600804113,40.34428024291992
image_23.png,/content/drive/MyDrive/PHD/Isaac_new/new_file2/seg_paper1_outputs_sigma_push_with_coco_new_and_new2/pred_masks/image_23_pred_mask.png,/content/drive/MyDrive/PHD/Isaac_new/new_file2/seg_paper1_outputs_sigma_push_with_coco_new_and_new2/overlays/image_23_overlay.png,,,,,,/content/drive/MyDrive/PHD/Isaac_new/new_file2/seg_paper1_outputs_sigma_push_with_coco_new_and_new2/merged_dataset_work/merged_images/image_23.png,/content/drive/MyDrive/PHD/Isaac_new/new_file2/seg_paper1_outputs_sigma_push_with_coco_new_and_new2/merged_dataset_work/merged_images/image_23.png,413.0,0.2843115234375,413.0,281.97094430992735,18.523497429156414,1.954978973454916,0.8085644443359011,65.03606113856411,23.494783401489258
image_24.png,/content/drive/MyDrive/PHD/Isaac_new/new_file2/seg_paper1_outputs_sigma_push_with_coco_new_and_new2/pred_masks/image_24_pred_mask.png,/content/drive/MyDrive/PHD/Isaac_new/new_file2/seg_paper1_outputs_sigma_push_with_coco_new_and_new2/overlays/image_24_overlay.png,,,,,,/content/drive/MyDrive/PHD/Isaac_new/new_file2/seg_paper1_outputs_sigma_push_with_coco_new_and_new2/merged_dataset_work/merged_images/image_24.png,/content/drive/MyDrive/PHD/Isaac_new/new_file2/seg_paper1_outputs_sigma_push_with_coco_new_and_new2/merged_dataset_work/merged_images/image_24.png,156.0,0.55492431640625,156.0,1457.0320512820513,40.77649785837444,2.371370521365705,0.7244032190702613,154.35853645511162,35.718421936035156
image_28.png,/content/drive/MyDrive/PHD/Isaac_new/new_file2/seg_paper1_outputs_sigma_push_with_coco_new_and_new2/pred_masks/image_28_pred_mask.png,/content/drive/MyDrive/PHD/Isaac_new/new_file2/seg_paper1_outputs_sigma_push_with_coco_new_and_new2/overlays/image_28_overlay.png,,,,,,/content/drive/MyDrive/PHD/Isaac_new/new_file2/seg_paper1_outputs_sigma_push_with_coco_new_and_new2/merged_dataset_work/merged_images/image_28.png,/content/drive/MyDrive/PHD/Isaac_new/new_file2/seg_paper1_outputs_sigma_push_with_coco_new_and_new2/merged_dataset_work/merged_images/image_28.png,272.0,0.46995361328125,270.0,709.7610294117648,28.447783328069324,1.8488624487090124,0.7392136986797114,106.95853072448688,28.709880828857422
image_29.png,/content/drive/MyDrive/PHD/Isaac_new/new_file2/seg_paper1_outputs_sigma_push_with_coco_new_and_new2/pred_masks/image_29_pred_mask.png,/content/drive/MyDrive/PHD/Isaac_new/new_file2/seg_paper1_outputs_sigma_push_with_coco_new_and_new2/overlays/image_29_overlay.png,,,,,,/content/drive/MyDrive/PHD/Isaac_new/new_file2/seg_paper1_outputs_sigma_push_with_coco_new_and_new2/merged_dataset_work/merged_images/image_29.png,/content/drive/MyDrive/PHD/Isaac_new/new_file2/seg_paper1_outputs_sigma_push_with_coco_new_and_new2/merged_dataset_work/merged_images/image_29.png,241.0,0.42315673828125,241.0,719.1908713692947,28.998088381247058,1.6703655678937488,0.8188611465146782,101.85642675245451,31.470613479614258
image_3.png,/content/drive/MyDrive/PHD/Isaac_new/new_file2/seg_paper1_outputs_sigma_push_with_coco_new_and_new2/pred_masks/image_3_pred_mask.png,/content/drive/MyDrive/PHD/Isaac_new/new_file2/seg_paper1_outputs_sigma_push_with_coco_new_and_new2/overlays/image_3_overlay.png,,,,,,/content/drive/MyDrive/PHD/Isaac_new/new_file2/seg_paper1_outputs_sigma_push_with_coco_new_and_new2/merged_dataset_work/merged_images/image_3.png,/content/drive/MyDrive/PHD/Isaac_new/new_file2/seg_paper1_outputs_sigma_push_with_coco_new_and_new2/merged_dataset_work/merged_images/image_3.png,329.0,0.3871533203125,328.0,482.67477203647417,22.907522874003874,1.7098350321286788,0.8180254664341874,82.81159659105955,26.75335693359375
image_30.png,/content/drive/MyDrive/PHD/Isaac_new/new_file2/seg_paper1_outputs_sigma_push_with_coco_new_and_new2/pred_masks/image_30_pred_mask.png,/content/drive/MyDrive/PHD/Isaac_new/new_file2/seg_paper1_outputs_sigma_push_with_coco_new_and_new2/overlays/image_30_overlay.png,,,,,,/content/drive/MyDrive/PHD/Isaac_new/new_file2/seg_paper1_outputs_sigma_push_with_coco_new_and_new2/merged_dataset_work/merged_images/image_30.png,/content/drive/MyDrive/PHD/Isaac_new/new_file2/seg_paper1_outputs_sigma_push_with_coco_new_and_new2/merged_dataset_work/merged_images/image_30.png,436.0,0.33287353515625,435.0,313.1238532110092,19.51234335833731,1.8449741892791023,0.8695755386311337,66.1469613245321,22.379680633544922
image_31.png,/content/drive/MyDrive/PHD/Isaac_new/new_file2/seg_paper1_outputs_sigma_push_with_coco_new_and_new2/pred_masks/image_31_pred_mask.png,/content/drive/MyDrive/PHD/Isaac_new/new_file2/seg_paper1_outputs_sigma_push_with_coco_new_and_new2/overlays/image_31_overlay.png,,,,,,/content/drive/MyDrive/PHD/Isaac_new/new_file2/seg_paper1_outputs_sigma_push_with_coco_new_and_new2/merged_dataset_work/merged_images/image_31.png,/content/drive/MyDrive/PHD/Isaac_new/new_file2/seg_paper1_outputs_sigma_push_with_coco_new_and_new2/merged_dataset_work/merged_images/image_31.png,246.0,0.43377685546875,245.0,722.2560975609756,29.03268352897751,2.577573908628606,0.7201797180115511,109.3607603403611,26.47296142578125
image_32.png,/content/drive/MyDrive/PHD/Isaac_new/new_file2/seg_paper1_outputs_sigma_push_with_coco_new_and_new2/pred_masks/image_32_pred_mask.png,/content/drive/MyDrive/PHD/Isaac_new/new_file2/seg_paper1_outputs_sigma_push_with_coco_new_and_new2/overlays/image_32_overlay.png,,,,,,/content/drive/MyDrive/PHD/Isaac_new/new_file2/seg_paper1_outputs_sigma_push_with_coco_new_and_new2/merged_dataset_work/merged_images/image_32.png,/content/drive/MyDrive/PHD/Isaac_new/new_file2/seg_paper1_outputs_sigma_push_with_coco_new_and_new2/merged_dataset_work/merged_images/image_32.png,90.0,0.44728515625,90.0,2035.6444444444444,48.7055277778712,1.5888067940270496,0.7796669776017631,174.57974160909652,50.82144546508789
image_33.png,/content/drive/MyDrive/PHD/Isaac_new/new_file2/seg_paper1_outputs_sigma_push_with_coco_new_and_new2/pred_masks/image_33_pred_mask.png,/content/drive/MyDrive/PHD/Isaac_new/new_file2/seg_paper1_outputs_sigma_push_with_coco_new_and_new2/overlays/image_33_overlay.png,,,,,,/content/drive/MyDrive/PHD/Isaac_new/new_file2/seg_paper1_outputs_sigma_push_with_coco_new_and_new2/merged_dataset_work/merged_images/image_33.png,/content/drive/MyDrive/PHD/Isaac_new/new_file2/seg_paper1_outputs_sigma_push_with_coco_new_and_new2/merged_dataset_work/merged_images/image_33.png,215.0,0.58698486328125,213.0,1143.3116279069768,36.094430674137556,1.7399156318005722,0.7453136221962204,131.78815935434298,34.22880935668945
image_34.png,/content/drive/MyDrive/PHD/Isaac_new/new_file2/seg_paper1_outputs_sigma_push_with_coco_new_and_new2/pred_masks/image_34_pred_mask.png,/content/drive/MyDrive/PHD/Isaac_new/new_file2/seg_paper1_outputs_sigma_push_with_coco_new_and_new2/overlays/image_34_overlay.png,,,,,,/content/drive/MyDrive/PHD/Isaac_new/new_file2/seg_paper1_outputs_sigma_push_with_coco_new_and_new2/merged_dataset_work/merged_images/image_34.png,/content/drive/MyDrive/PHD/Isaac_new/new_file2/seg_paper1_outputs_sigma_push_with_coco_new_and_new2/merged_dataset_work/merged_images/image_34.png,234.0,0.54318359375,236.0,953.7264957264957,33.288635418174124,1.704647023672961,0.7356881478021222,124.64433786960748,31.35259246826172
image_35.png,/content/drive/MyDrive/PHD/Isaac_new/new_file2/seg_paper1_outputs_sigma_push_with_coco_new_and_new2/pred_masks/image_35_pred_mask.png,/content/drive/MyDrive/PHD/Isaac_new/new_file2/seg_paper1_outputs_sigma_push_with_coco_new_and_new2/overlays/image_35_overlay.png,,,,,,/content/drive/MyDrive/PHD/Isaac_new/new_file2/seg_paper1_outputs_sigma_push_with_coco_new_and_new2/merged_dataset_work/merged_images/image_35.png,/content/drive/MyDrive/PHD/Isaac_new/new_file2/seg_paper1_outputs_sigma_push_with_coco_new_and_new2/merged_dataset_work/merged_images/image_35.png,404.0,0.2979638671875,404.0,302.0940594059406,19.234975882038317,1.320969805446319,0.9118012017802675,63.43977000542206,23.518272399902344
image_36.png,/content/drive/MyDrive/PHD/Isaac_new/new_file2/seg_paper1_outputs_sigma_push_with_coco_new_and_new2/pred_masks/image_36_pred_mask.png,/content/drive/MyDrive/PHD/Isaac_new/new_file2/seg_paper1_outputs_sigma_push_with_coco_new_and_new2/overlays/image_36_overlay.png,,,,,,/content/drive/MyDrive/PHD/Isaac_new/new_file2/seg_paper1_outputs_sigma_push_with_coco_new_and_new2/merged_dataset_work/merged_images/image_36.png,/content/drive/MyDrive/PHD/Isaac_new/new_file2/seg_paper1_outputs_sigma_push_with_coco_new_and_new2/merged_dataset_work/merged_images/image_36.png,76.0,0.6114697265625,75.0,3302.342105263158,61.89459054942557,2.325714168371041,0.6912312375300722,236.0707555805382,52.983924865722656
image_37.png,/content/drive/MyDrive/PHD/Isaac_new/new_file2/seg_paper1_outputs_sigma_push_with_coco_new_and_new2/pred_masks/image_37_pred_mask.png,/content/drive/MyDrive/PHD/Isaac_new/new_file2/seg_paper1_outputs_sigma_push_with_coco_new_and_new2/overlays/image_37_overlay.png,,,,,,/content/drive/MyDrive/PHD/Isaac_new/new_file2/seg_paper1_outputs_sigma_push_with_coco_new_and_new2/merged_dataset_work/merged_images/image_37.png,/content/drive/MyDrive/PHD/Isaac_new/new_file2/seg_paper1_outputs_sigma_push_with_coco_new_and_new2/merged_dataset_work/merged_images/image_37.png,537.0,0.40544921875,534.0,309.8640595903166,19.106071127988642,2.20125009213059,0.6943814996968971,75.15164928573914,19.94586181640625
image_38.png,/content/drive/MyDrive/PHD/Isaac_new/new_file2/seg_paper1_outputs_sigma_push_with_coco_new_and_new2/pred_masks/image_38_pred_mask.png,/content/drive/MyDrive/PHD/Isaac_new/new_file2/seg_paper1_outputs_sigma_push_with_coco_new_and_new2/overlays/image_38_overlay.png,,,,,,/content/drive/MyDrive/PHD/Isaac_new/new_file2/seg_paper1_outputs_sigma_push_with_coco_new_and_new2/merged_dataset_work/merged_images/image_38.png,/content/drive/MyDrive/PHD/Isaac_new/new_file2/seg_paper1_outputs_sigma_push_with_coco_new_and_new2/merged_dataset_work/merged_images/image_38.png,523.0,0.45701904296875,521.0,358.31548757170174,20.608109961565557,1.4793194468807225,0.8514324551698351,71.44715351607103,21.697586059570312
image_39.png,/content/drive/MyDrive/PHD/Isaac_new/new_file2/seg_paper1_outputs_sigma_push_with_coco_new_and_new2/pred_masks/image_39_pred_mask.png,/content/drive/MyDrive/PHD/Isaac_new/new_file2/seg_paper1_outputs_sigma_push_with_coco_new_and_new2/overlays/image_39_overlay.png,,,,,,/content/drive/MyDrive/PHD/Isaac_new/new_file2/seg_paper1_outputs_sigma_push_with_coco_new_and_new2/merged_dataset_work/merged_images/image_39.png,/content/drive/MyDrive/PHD/Isaac_new/new_file2/seg_paper1_outputs_sigma_push_with_coco_new_and_new2/merged_dataset_work/merged_images/image_39.png,399.0,0.49665771484375,396.0,511.56892230576443,24.64387473696943,1.8207910568388437,0.7352535732403219,92.30553132997719,23.27751922607422
image_4.png,/content/drive/MyDrive/PHD/Isaac_new/new_file2/seg_paper1_outputs_sigma_push_with_coco_new_and_new2/pred_masks/image_4_pred_mask.png,/content/drive/MyDrive/PHD/Isaac_new/new_file2/seg_paper1_outputs_sigma_push_with_coco_new_and_new2/overlays/image_4_overlay.png,,,,,,/content/drive/MyDrive/PHD/Isaac_new/new_file2/seg_paper1_outputs_sigma_push_with_coco_new_and_new2/merged_dataset_work/merged_images/image_4.png,/content/drive/MyDrive/PHD/Isaac_new/new_file2/seg_paper1_outputs_sigma_push_with_coco_new_and_new2/merged_dataset_work/merged_images/image_4.png,380.0,0.46103271484375,379.0,498.4342105263158,24.000925218499095,1.541713762084698,0.8280765850304479,84.67968017082465,25.154733657836914
image_40.png,/content/drive/MyDrive/PHD/Isaac_new/new_file2/seg_paper1_outputs_sigma_push_with_coco_new_and_new2/pred_masks/image_40_pred_mask.png,/content/drive/MyDrive/PHD/Isaac_new/new_file2/seg_paper1_outputs_sigma_push_with_coco_new_and_new2/overlays/image_40_overlay.png,,,,,,/content/drive/MyDrive/PHD/Isaac_new/new_file2/seg_paper1_outputs_sigma_push_with_coco_new_and_new2/merged_dataset_work/merged_images/image_40.png,/content/drive/MyDrive/PHD/Isaac_new/new_file2/seg_paper1_outputs_sigma_push_with_coco_new_and_new2/merged_dataset_work/merged_images/image_40.png,325.0,0.4366845703125,325.0,551.8646153846154,25.754450823086415,1.5524632200806545,0.8337051970657526,89.60843420505523,27.595186233520508
image_41.png,/content/drive/MyDrive/PHD/Isaac_new/new_file2/seg_paper1_outputs_sigma_push_with_coco_new_and_new2/pred_masks/image_41_pred_mask.png,/content/drive/MyDrive/PHD/Isaac_new/new_file2/seg_paper1_outputs_sigma_push_with_coco_new_and_new2/overlays/image_41_overlay.png,,,,,,/content/drive/MyDrive/PHD/Isaac_new/new_file2/seg_paper1_outputs_sigma_push_with_coco_new_and_new2/merged_dataset_work/merged_images/image_41.png,/content/drive/MyDrive/PHD/Isaac_new/new_file2/seg_paper1_outputs_sigma_push_with_coco_new_and_new2/merged_dataset_work/merged_images/image_41.png,451.0,0.4836767578125,451.0,439.2771618625277,22.986947307486577,1.5285715479940332,0.8511969891090195,78.59383174162483,23.489341735839844
image_42.png,/content/drive/MyDrive/PHD/Isaac_new/new_file2/seg_paper1_outputs_sigma_push_with_coco_new_and_new2/pred_masks/image_42_pred_mask.png,/content/drive/MyDrive/PHD/Isaac_new/new_file2/seg_paper1_outputs_sigma_push_with_coco_new_and_new2/overlays/image_42_overlay.png,,,,,,/content/drive/MyDrive/PHD/Isaac_new/new_file2/seg_paper1_outputs_sigma_push_with_coco_new_and_new2/merged_dataset_work/merged_images/image_42.png,/content/drive/MyDrive/PHD/Isaac_new/new_file2/seg_paper1_outputs_sigma_push_with_coco_new_and_new2/merged_dataset_work/merged_images/image_42.png,363.0,0.5311083984375,363.0,599.2892561983471,26.623914287775886,2.1729733597547076,0.7374040255855587,98.49679739383298,24.200252532958984
image_43.png,/content/drive/MyDrive/PHD/Isaac_new/new_file2/seg_paper1_outputs_sigma_push_with_coco_new_and_new2/pred_masks/image_43_pred_mask.png,/content/drive/MyDrive/PHD/Isaac_new/new_file2/seg_paper1_outputs_sigma_push_with_coco_new_and_new2/overlays/image_43_overlay.png,,,,,,/content/drive/MyDrive/PHD/Isaac_new/new_file2/seg_paper1_outputs_sigma_push_with_coco_new_and_new2/merged_dataset_work/merged_images/image_43.png,/content/drive/MyDrive/PHD/Isaac_new/new_file2/seg_paper1_outputs_sigma_push_with_coco_new_and_new2/merged_dataset_work/merged_images/image_43.png,534.0,0.4157373046875,534.0,318.8876404494382,19.652624373408855,1.5478742064560673,0.8833482056915816,66.1130714981297,20.75455665588379
image_44.png,/content/drive/MyDrive/PHD/Isaac_new/new_file2/seg_paper1_outputs_sigma_push_with_coco_new_and_new2/pred_masks/image_44_pred_mask.png,/content/drive/MyDrive/PHD/Isaac_new/new_file2/seg_paper1_outputs_sigma_push_with_coco_new_and_new2/overlays/image_44_overlay.png,,,,,,/content/drive/MyDrive/PHD/Isaac_new/new_file2/seg_paper1_outputs_sigma_push_with_coco_new_and_new2/merged_dataset_work/merged_images/image_44.png,/content/drive/MyDrive/PHD/Isaac_new/new_file2/seg_paper1_outputs_sigma_push_with_coco_new_and_new2/merged_dataset_work/merged_images/image_44.png,746.0,0.47050048828125,745.0,258.6729222520107,17.6081235624409,1.9785804047454552,0.8248901732415262,61.79460861903413,17.050867080688477
image_47.png,/content/drive/MyDrive/PHD/Isaac_new/new_file2/seg_paper1_outputs_sigma_push_with_coco_new_and_new2/pred_masks/image_47_pred_mask.png,/content/drive/MyDrive/PHD/Isaac_new/new_file2/seg_paper1_outputs_sigma_push_with_coco_new_and_new2/overlays/image_47_overlay.png,,,,,,/content/drive/MyDrive/PHD/Isaac_new/new_file2/seg_paper1_outputs_sigma_push_with_coco_new_and_new2/merged_dataset_work/merged_images/image_47.png,/content/drive/MyDrive/PHD/Isaac_new/new_file2/seg_paper1_outputs_sigma_push_with_coco_new_and_new2/merged_dataset_work/merged_images/image_47.png,294.0,0.44664306640625,293.0,623.5068027210884,26.7706464489702,1.5792132218367279,0.8363114109254814,93.13364580050617,28.693645477294922
image_49.png,/content/drive/MyDrive/PHD/Isaac_new/new_file2/seg_paper1_outputs_sigma_push_with_coco_new_and_new2/pred_masks/image_49_pred_mask.png,/content/drive/MyDrive/PHD/Isaac_new/new_file2/seg_paper1_outputs_sigma_push_with_coco_new_and_new2/overlays/image_49_overlay.png,,,,,,/content/drive/MyDrive/PHD/Isaac_new/new_file2/seg_paper1_outputs_sigma_push_with_coco_new_and_new2/merged_dataset_work/merged_images/image_49.png,/content/drive/MyDrive/PHD/Isaac_new/new_file2/seg_paper1_outputs_sigma_push_with_coco_new_and_new2/merged_dataset_work/merged_images/image_49.png,306.0,0.50993896484375,303.0,686.8594771241831,27.98358891913827,1.903026554188137,0.7625236967707424,103.67351604287141,26.94586181640625
image_5.png,/content/drive/MyDrive/PHD/Isaac_new/new_file2/seg_paper1_outputs_sigma_push_with_coco_new_and_new2/pred_masks/image_5_pred_mask.png,/content/drive/MyDrive/PHD/Isaac_new/new_file2/seg_paper1_outputs_sigma_push_with_coco_new_and_new2/overlays/image_5_overlay.png,,,,,,/content/drive/MyDrive/PHD/Isaac_new/new_file2/seg_paper1_outputs_sigma_push_with_coco_new_and_new2/merged_dataset_work/merged_images/image_5.png,/content/drive/MyDrive/PHD/Isaac_new/new_file2/seg_paper1_outputs_sigma_push_with_coco_new_and_new2/merged_dataset_work/merged_images/image_5.png,235.0,0.55884521484375,230.0,979.3744680851064,33.67313234984399,1.690605144697052,0.7756541823482065,122.08562574792415,31.806446075439453
image_50.png,/content/drive/MyDrive/PHD/Isaac_new/new_file2/seg_paper1_outputs_sigma_push_with_coco_new_and_new2/pred_masks/image_50_pred_mask.png,/content/drive/MyDrive/PHD/Isaac_new/new_file2/seg_paper1_outputs_sigma_push_with_coco_new_and_new2/overlays/image_50_overlay.png,,,,,,/content/drive/MyDrive/PHD/Isaac_new/new_file2/seg_paper1_outputs_sigma_push_with_coco_new_and_new2/merged_dataset_work/merged_images/image_50.png,/content/drive/MyDrive/PHD/Isaac_new/new_file2/seg_paper1_outputs_sigma_push_with_coco_new_and_new2/merged_dataset_work/merged_images/image_50.png,122.0,0.5650146484375,121.0,1897.6065573770493,46.09845196363835,2.4383016661156667,0.6443252681901721,189.35836082794629,40.05912780761719
image_52.png,/content/drive/MyDrive/PHD/Isaac_new/new_file2/seg_paper1_outputs_sigma_push_with_coco_new_and_new2/pred_masks/image_52_pred_mask.png,/content/drive/MyDrive/PHD/Isaac_new/new_file2/seg_paper1_outputs_sigma_push_with_coco_new_and_new2/overlays/image_52_overlay.png,,,,,,/content/drive/MyDrive/PHD/Isaac_new/new_file2/seg_paper1_outputs_sigma_push_with_coco_new_and_new2/merged_dataset_work/merged_images/image_52.png,/content/drive/MyDrive/PHD/Isaac_new/new_file2/seg_paper1_outputs_sigma_push_with_coco_new_and_new2/merged_dataset_work/merged_images/image_52.png,50.0,0.4588671875,49.0,3873.92,64.2137346768197,2.196555424641302,0.7077595196739879,248.27664782762528,72.0138168334961
image_53.png,/content/drive/MyDrive/PHD/Isaac_new/new_file2/seg_paper1_outputs_sigma_push_with_coco_new_and_new2/pred_masks/image_53_pred_mask.png,/content/drive/MyDrive/PHD/Isaac_new/new_file2/seg_paper1_outputs_sigma_push_with_coco_new_and_new2/overlays/image_53_overlay.png,,,,,,/content/drive/MyDrive/PHD/Isaac_new/new_file2/seg_paper1_outputs_sigma_push_with_coco_new_and_new2/merged_dataset_work/merged_images/image_53.png,/content/drive/MyDrive/PHD/Isaac_new/new_file2/seg_paper1_outputs_sigma_push_with_coco_new_and_new2/merged_dataset_work/merged_images/image_53.png,132.0,0.50386962890625,132.0,1563.5227272727273,42.71752501284784,1.7258718100739774,0.76177250799548,154.29831997101957,46.80774688720703
image_54.png,/content/drive/MyDrive/PHD/Isaac_new/new_file2/seg_paper1_outputs_sigma_push_with_coco_new_and_new2/pred_masks/image_54_pred_mask.png,/content/drive/MyDrive/PHD/Isaac_new/new_file2/seg_paper1_outputs_sigma_push_with_coco_new_and_new2/overlays/image_54_overlay.png,,,,,,/content/drive/MyDrive/PHD/Isaac_new/new_file2/seg_paper1_outputs_sigma_push_with_coco_new_and_new2/merged_dataset_work/merged_images/image_54.png,/content/drive/MyDrive/PHD/Isaac_new/new_file2/seg_paper1_outputs_sigma_push_with_coco_new_and_new2/merged_dataset_work/merged_images/image_54.png,113.0,0.50037109375,112.0,1817.212389380531,46.40332163629161,2.059235689474161,0.7531101441272139,168.22603120529547,42.81648254394531
image_55.png,/content/drive/MyDrive/PHD/Isaac_new/new_file2/seg_paper1_outputs_sigma_push_with_coco_new_and_new2/pred_masks/image_55_pred_mask.png,/content/drive/MyDrive/PHD/Isaac_new/new_file2/seg_paper1_outputs_sigma_push_with_coco_new_and_new2/overlays/image_55_overlay.png,,,,,,/content/drive/MyDrive/PHD/Isaac_new/new_file2/seg_paper1_outputs_sigma_push_with_coco_new_and_new2/merged_dataset_work/merged_images/image_55.png,/content/drive/MyDrive/PHD/Isaac_new/new_file2/seg_paper1_outputs_sigma_push_with_coco_new_and_new2/merged_dataset_work/merged_images/image_55.png,81.0,0.5648974609375,81.0,2856.567901234568,55.44422805352512,1.8128453937061033,0.7673212997520381,200.77805453318138,54.78990173339844
image_56.png,/content/drive/MyDrive/PHD/Isaac_new/new_file2/seg_paper1_outputs_sigma_push_with_coco_new_and_new2/pred_masks/image_56_pred_mask.png,/content/drive/MyDrive/PHD/Isaac_new/new_file2/seg_paper1_outputs_sigma_push_with_coco_new_and_new2/overlays/image_56_overlay.png,,,,,,/content/drive/MyDrive/PHD/Isaac_new/new_file2/seg_paper1_outputs_sigma_push_with_coco_new_and_new2/merged_dataset_work/merged_images/image_56.png,/content/drive/MyDrive/PHD/Isaac_new/new_file2/seg_paper1_outputs_sigma_push_with_coco_new_and_new2/merged_dataset_work/merged_images/image_56.png,199.0,0.38859375,197.0,801.6884422110553,28.51840171643698,1.7499875184635403,0.7085101773069342,114.82498229568328,31.971736907958984
image_57.png,/content/drive/MyDrive/PHD/Isaac_new/new_file2/seg_paper1_outputs_sigma_push_with_coco_new_and_new2/pred_masks/image_57_pred_mask.png,/content/drive/MyDrive/PHD/Isaac_new/new_file2/seg_paper1_outputs_sigma_push_with_coco_new_and_new2/overlays/image_57_overlay.png,,,,,,/content/drive/MyDrive/PHD/Isaac_new/new_file2/seg_paper1_outputs_sigma_push_with_coco_new_and_new2/merged_dataset_work/merged_images/image_57.png,/content/drive/MyDrive/PHD/Isaac_new/new_file2/seg_paper1_outputs_sigma_push_with_coco_new_and_new2/merged_dataset_work/merged_images/image_57.png,29.0,0.7160205078125,29.0,10113.172413793103,111.80994394919763,1.793281983537502,0.7430444036436029,407.8306732013308,90.40925598144531
image_58.png,/content/drive/MyDrive/PHD/Isaac_new/new_file2/seg_paper1_outputs_sigma_push_with_coco_new_and_new2/pred_masks/image_58_pred_mask.png,/content/drive/MyDrive/PHD/Isaac_new/new_file2/seg_paper1_outputs_sigma_push_with_coco_new_and_new2/overlays/image_58_overlay.png,,,,,,/content/drive/MyDrive/PHD/Isaac_new/new_file2/seg_paper1_outputs_sigma_push_with_coco_new_and_new2/merged_dataset_work/merged_images/image_58.png,/content/drive/MyDrive/PHD/Isaac_new/new_file2/seg_paper1_outputs_sigma_push_with_coco_new_and_new2/merged_dataset_work/merged_images/image_58.png,199.0,0.38859375,197.0,801.6884422110553,28.51840171643698,1.7499875184635403,0.7085101773069342,114.82498229568328,31.971736907958984
image_59.png,/content/drive/MyDrive/PHD/Isaac_new/new_file2/seg_paper1_outputs_sigma_push_with_coco_new_and_new2/pred_masks/image_59_pred_mask.png,/content/drive/MyDrive/PHD/Isaac_new/new_file2/seg_paper1_outputs_sigma_push_with_coco_new_and_new2/overlays/image_59_overlay.png,,,,,,/content/drive/MyDrive/PHD/Isaac_new/new_file2/seg_paper1_outputs_sigma_push_with_coco_new_and_new2/merged_dataset_work/merged_images/image_59.png,/content/drive/MyDrive/PHD/Isaac_new/new_file2/seg_paper1_outputs_sigma_push_with_coco_new_and_new2/merged_dataset_work/merged_images/image_59.png,305.0,0.42748779296875,304.0,575.655737704918,26.412357469617568,1.4655829769027475,0.8512465710289193,90.46798997628885,29.82191276550293
image_60.png,/content/drive/MyDrive/PHD/Isaac_new/new_file2/seg_paper1_outputs_sigma_push_with_coco_new_and_new2/pred_masks/image_60_pred_mask.png,/content/drive/MyDrive/PHD/Isaac_new/new_file2/seg_paper1_outputs_sigma_push_with_coco_new_and_new2/overlays/image_60_overlay.png,,,,,,/content/drive/MyDrive/PHD/Isaac_new/new_file2/seg_paper1_outputs_sigma_push_with_coco_new_and_new2/merged_dataset_work/merged_images/image_60.png,/content/drive/MyDrive/PHD/Isaac_new/new_file2/seg_paper1_outputs_sigma_push_with_coco_new_and_new2/merged_dataset_work/merged_images/image_60.png,107.0,0.56154296875,107.0,2149.607476635514,49.34806899300087,1.8479173623279568,0.7638531116663566,177.78316614449582,48.35926818847656
image_61.png,/content/drive/MyDrive/PHD/Isaac_new/new_file2/seg_paper1_outputs_sigma_push_with_coco_new_and_new2/pred_masks/image_61_pred_mask.png,/content/drive/MyDrive/PHD/Isaac_new/new_file2/seg_paper1_outputs_sigma_push_with_coco_new_and_new2/overlays/image_61_overlay.png,,,,,,/content/drive/MyDrive/PHD/Isaac_new/new_file2/seg_paper1_outputs_sigma_push_with_coco_new_and_new2/merged_dataset_work/merged_images/image_61.png,/content/drive/MyDrive/PHD/Isaac_new/new_file2/seg_paper1_outputs_sigma_push_with_coco_new_and_new2/merged_dataset_work/merged_images/image_61.png,216.0,0.51236083984375,216.0,971.5879629629629,33.58553733861525,1.6286347399561467,0.811570675251848,117.91192877568581,34.03571319580078
image_62.png,/content/drive/MyDrive/PHD/Isaac_new/new_file2/seg_paper1_outputs_sigma_push_with_coco_new_and_new2/pred_masks/image_62_pred_mask.png,/content/drive/MyDrive/PHD/Isaac_new/new_file2/seg_paper1_outputs_sigma_push_with_coco_new_and_new2/overlays/image_62_overlay.png,,,,,,/content/drive/MyDrive/PHD/Isaac_new/new_file2/seg_paper1_outputs_sigma_push_with_coco_new_and_new2/merged_dataset_work/merged_images/image_62.png,/content/drive/MyDrive/PHD/Isaac_new/new_file2/seg_paper1_outputs_sigma_push_with_coco_new_and_new2/merged_dataset_work/merged_images/image_62.png,231.0,0.5113427734375,231.0,906.6926406926407,32.47559757278194,1.7866832077186983,0.7765948475068499,116.98352758244519,31.026185989379883
image_63.png,/content/drive/MyDrive/PHD/Isaac_new/new_file2/seg_paper1_outputs_sigma_push_with_coco_new_and_new2/pred_masks/image_63_pred_mask.png,/content/drive/MyDrive/PHD/Isaac_new/new_file2/seg_paper1_outputs_sigma_push_with_coco_new_and_new2/overlays/image_63_overlay.png,,,,,,/content/drive/MyDrive/PHD/Isaac_new/new_file2/seg_paper1_outputs_sigma_push_with_coco_new_and_new2/merged_dataset_work/merged_images/image_63.png,/content/drive/MyDrive/PHD/Isaac_new/new_file2/seg_paper1_outputs_sigma_push_with_coco_new_and_new2/merged_dataset_work/merged_images/image_63.png,122.0,0.6036328125,121.0,2034.950819672131,48.65904540863383,2.0437668617148215,0.7412013197403049,178.42890629514318,42.949832916259766
image_64.png,/content/drive/MyDrive/PHD/Isaac_new/new_file2/seg_paper1_outputs_sigma_push_with_coco_new_and_new2/pred_masks/image_64_pred_mask.png,/content/drive/MyDrive/PHD/Isaac_new/new_file2/seg_paper1_outputs_sigma_push_with_coco_new_and_new2/overlays/image_64_overlay.png,,,,,,/content/drive/MyDrive/PHD/Isaac_new/new_file2/seg_paper1_outputs_sigma_push_with_coco_new_and_new2/merged_dataset_work/merged_images/image_64.png,/content/drive/MyDrive/PHD/Isaac_new/new_file2/seg_paper1_outputs_sigma_push_with_coco_new_and_new2/merged_dataset_work/merged_images/image_64.png,165.0,0.58447021484375,165.0,1450.9030303030304,41.11460400981482,1.7778320743754479,0.8066229137945563,143.9838173490582,40.548675537109375
image_65.png,/content/drive/MyDrive/PHD/Isaac_new/new_file2/seg_paper1_outputs_sigma_push_with_coco_new_and_new2/pred_masks/image_65_pred_mask.png,/content/drive/MyDrive/PHD/Isaac_new/new_file2/seg_paper1_outputs_sigma_push_with_coco_new_and_new2/overlays/image_65_overlay.png,,,,,,/content/drive/MyDrive/PHD/Isaac_new/new_file2/seg_paper1_outputs_sigma_push_with_coco_new_and_new2/merged_dataset_work/merged_images/image_65.png,/content/drive/MyDrive/PHD/Isaac_new/new_file2/seg_paper1_outputs_sigma_push_with_coco_new_and_new2/merged_dataset_work/merged_images/image_65.png,527.0,0.4223583984375,527.0,328.26944971537,19.54105423828869,1.5664466708265712,0.8304706478451513,68.87385409086434,21.40135383605957
image_66.png,/content/drive/MyDrive/PHD/Isaac_new/new_file2/seg_paper1_outputs_sigma_push_with_coco_new_and_new2/pred_masks/image_66_pred_mask.png,/content/drive/MyDrive/PHD/Isaac_new/new_file2/seg_paper1_outputs_sigma_push_with_coco_new_and_new2/overlays/image_66_overlay.png,,,,,,/content/drive/MyDrive/PHD/Isaac_new/new_file2/seg_paper1_outputs_sigma_push_with_coco_new_and_new2/merged_dataset_work/merged_images/image_66.png,/content/drive/MyDrive/PHD/Isaac_new/new_file2/seg_paper1_outputs_sigma_push_with_coco_new_and_new2/merged_dataset_work/merged_images/image_66.png,308.0,0.4296923828125,308.0,571.4350649350649,26.292976944620253,1.5184752983198653,0.8475853840024795,90.2171398559948,30.164894104003906
image_67.png,/content/drive/MyDrive/PHD/Isaac_new/new_file2/seg_paper1_outputs_sigma_push_with_coco_new_and_new2/pred_masks/image_67_pred_mask.png,/content/drive/MyDrive/PHD/Isaac_new/new_file2/seg_paper1_outputs_sigma_push_with_coco_new_and_new2/overlays/image_67_overlay.png,,,,,,/content/drive/MyDrive/PHD/Isaac_new/new_file2/seg_paper1_outputs_sigma_push_with_coco_new_and_new2/merged_dataset_work/merged_images/image_67.png,/content/drive/MyDrive/PHD/Isaac_new/new_file2/seg_paper1_outputs_sigma_push_with_coco_new_and_new2/merged_dataset_work/merged_images/image_67.png,113.0,0.58812744140625,113.0,2131.83185840708,48.84789523632014,1.6829210498733655,0.7773572753126379,176.4526728275603,47.77670669555664
image_68.png,/content/drive/MyDrive/PHD/Isaac_new/new_file2/seg_paper1_outputs_sigma_push_with_coco_new_and_new2/pred_masks/image_68_pred_mask.png,/content/drive/MyDrive/PHD/Isaac_new/new_file2/seg_paper1_outputs_sigma_push_with_coco_new_and_new2/overlays/image_68_overlay.png,,,,,,/content/drive/MyDrive/PHD/Isaac_new/new_file2/seg_paper1_outputs_sigma_push_with_coco_new_and_new2/merged_dataset_work/merged_images/image_68.png,/content/drive/MyDrive/PHD/Isaac_new/new_file2/seg_paper1_outputs_sigma_push_with_coco_new_and_new2/merged_dataset_work/merged_images/image_68.png,321.0,0.470048828125,321.0,599.7881619937694,26.50198358484746,1.7304873787336894,0.8243307737456981,92.84238728927303,26.607568740844727
image_69.png,/content/drive/MyDrive/PHD/Isaac_new/new_file2/seg_paper1_outputs_sigma_push_with_coco_new_and_new2/pred_masks/image_69_pred_mask.png,/content/drive/MyDrive/PHD/Isaac_new/new_file2/seg_paper1_outputs_sigma_push_with_coco_new_and_new2/overlays/image_69_overlay.png,,,,,,/content/drive/MyDrive/PHD/Isaac_new/new_file2/seg_paper1_outputs_sigma_push_with_coco_new_and_new2/merged_dataset_work/merged_images/image_69.png,/content/drive/MyDrive/PHD/Isaac_new/new_file2/seg_paper1_outputs_sigma_push_with_coco_new_and_new2/merged_dataset_work/merged_images/image_69.png,154.0,0.40301025390625,151.0,1078.9935064935064,34.9981453409016,1.4482108685978643,0.8547365535025355,121.33882573517886,38.42494583129883
image_7.png,/content/drive/MyDrive/PHD/Isaac_new/new_file2/seg_paper1_outputs_sigma_push_with_coco_new_and_new2/pred_masks/image_7_pred_mask.png,/content/drive/MyDrive/PHD/Isaac_new/new_file2/seg_paper1_outputs_sigma_push_with_coco_new_and_new2/overlays/image_7_overlay.png,,,,,,/content/drive/MyDrive/PHD/Isaac_new/new_file2/seg_paper1_outputs_sigma_push_with_coco_new_and_new2/merged_dataset_work/merged_images/image_7.png,/content/drive/MyDrive/PHD/Isaac_new/new_file2/seg_paper1_outputs_sigma_push_with_coco_new_and_new2/merged_dataset_work/merged_images/image_7.png,441.0,0.3090673828125,440.0,287.8412698412698,18.55102671702334,1.3481717244422005,0.9282153046452051,60.97624779585538,23.602130889892578
image_70.png,/content/drive/MyDrive/PHD/Isaac_new/new_file2/seg_paper1_outputs_sigma_push_with_coco_new_and_new2/pred_masks/image_70_pred_mask.png,/content/drive/MyDrive/PHD/Isaac_new/new_file2/seg_paper1_outputs_sigma_push_with_coco_new_and_new2/overlays/image_70_overlay.png,,,,,,/content/drive/MyDrive/PHD/Isaac_new/new_file2/seg_paper1_outputs_sigma_push_with_coco_new_and_new2/merged_dataset_work/merged_images/image_70.png,/content/drive/MyDrive/PHD/Isaac_new/new_file2/seg_paper1_outputs_sigma_push_with_coco_new_and_new2/merged_dataset_work/merged_images/image_70.png,81.0,0.53759521484375,81.0,2718.5061728395062,54.70828894625309,1.7541222588113528,0.7536682813240918,200.00518435754893,53.351009368896484
image_71.png,/content/drive/MyDrive/PHD/Isaac_new/new_file2/seg_paper1_outputs_sigma_push_with_coco_new_and_new2/pred_masks/image_71_pred_mask.png,/content/drive/MyDrive/PHD/Isaac_new/new_file2/seg_paper1_outputs_sigma_push_with_coco_new_and_new2/overlays/image_71_overlay.png,,,,,,/content/drive/MyDrive/PHD/Isaac_new/new_file2/seg_paper1_outputs_sigma_push_with_coco_new_and_new2/merged_dataset_work/merged_images/image_71.png,/content/drive/MyDrive/PHD/Isaac_new/new_file2/seg_paper1_outputs_sigma_push_with_coco_new_and_new2/merged_dataset_work/merged_images/image_71.png,110.0,0.53678955078125,109.0,2000.1818181818182,47.80368943169459,1.7933003709298279,0.7333027022905522,179.5051017165184,47.22046661376953
image_72.png,/content/drive/MyDrive/PHD/Isaac_new/new_file2/seg_paper1_outputs_sigma_push_with_coco_new_and_new2/pred_masks/image_72_pred_mask.png,/content/drive/MyDrive/PHD/Isaac_new/new_file2/seg_paper1_outputs_sigma_push_with_coco_new_and_new2/overlays/image_72_overlay.png,,,,,,/content/drive/MyDrive/PHD/Isaac_new/new_file2/seg_paper1_outputs_sigma_push_with_coco_new_and_new2/merged_dataset_work/merged_images/image_72.png,/content/drive/MyDrive/PHD/Isaac_new/new_file2/seg_paper1_outputs_sigma_push_with_coco_new_and_new2/merged_dataset_work/merged_images/image_72.png,297.0,0.4524169921875,297.0,623.939393939394,26.87578031481296,1.7553448566219454,0.8264711751827488,94.23419095851757,28.0878849029541
image_73.png,/content/drive/MyDrive/PHD/Isaac_new/new_file2/seg_paper1_outputs_sigma_push_with_coco_new_and_new2/pred_masks/image_73_pred_mask.png,/content/drive/MyDrive/PHD/Isaac_new/new_file2/seg_paper1_outputs_sigma_push_with_coco_new_and_new2/overlays/image_73_overlay.png,,,,,,/content/drive/MyDrive/PHD/Isaac_new/new_file2/seg_paper1_outputs_sigma_push_with_coco_new_and_new2/merged_dataset_work/merged_images/image_73.png,/content/drive/MyDrive/PHD/Isaac_new/new_file2/seg_paper1_outputs_sigma_push_with_coco_new_and_new2/merged_dataset_work/merged_images/image_73.png,183.0,0.48614990234375,183.0,1088.1256830601094,35.80287214924787,1.6019840606161007,0.8186078310817189,125.34632952942874,37.951881408691406
image_74.png,/content/drive/MyDrive/PHD/Isaac_new/new_file2/seg_paper1_outputs_sigma_push_with_coco_new_and_new2/pred_masks/image_74_pred_mask.png,/content/drive/MyDrive/PHD/Isaac_new/new_file2/seg_paper1_outputs_sigma_push_with_coco_new_and_new2/overlays/image_74_overlay.png,,,,,,/content/drive/MyDrive/PHD/Isaac_new/new_file2/seg_paper1_outputs_sigma_push_with_coco_new_and_new2/merged_dataset_work/merged_images/image_74.png,/content/drive/MyDrive/PHD/Isaac_new/new_file2/seg_paper1_outputs_sigma_push_with_coco_new_and_new2/merged_dataset_work/merged_images/image_74.png,87.0,0.20850830078125,87.0,981.6666666666666,33.520438409058926,2.0089524451033745,0.795774092731617,118.81760708353985,47.850669860839844
image_75.png,/content/drive/MyDrive/PHD/Isaac_new/new_file2/seg_paper1_outputs_sigma_push_with_coco_new_and_new2/pred_masks/image_75_pred_mask.png,/content/drive/MyDrive/PHD/Isaac_new/new_file2/seg_paper1_outputs_sigma_push_with_coco_new_and_new2/overlays/image_75_overlay.png,,,,,,/content/drive/MyDrive/PHD/Isaac_new/new_file2/seg_paper1_outputs_sigma_push_with_coco_new_and_new2/merged_dataset_work/merged_images/image_75.png,/content/drive/MyDrive/PHD/Isaac_new/new_file2/seg_paper1_outputs_sigma_push_with_coco_new_and_new2/merged_dataset_work/merged_images/image_75.png,131.0,0.51416015625,129.0,1614.6870229007634,42.06834602994649,1.663455432823706,0.7720089305278991,154.81728279681607,41.72810745239258
image_76.png,/content/drive/MyDrive/PHD/Isaac_new/new_file2/seg_paper1_outputs_sigma_push_with_coco_new_and_new2/pred_masks/image_76_pred_mask.png,/content/drive/MyDrive/PHD/Isaac_new/new_file2/seg_paper1_outputs_sigma_push_with_coco_new_and_new2/overlays/image_76_overlay.png,,,,,,/content/drive/MyDrive/PHD/Isaac_new/new_file2/seg_paper1_outputs_sigma_push_with_coco_new_and_new2/merged_dataset_work/merged_images/image_76.png,/content/drive/MyDrive/PHD/Isaac_new/new_file2/seg_paper1_outputs_sigma_push_with_coco_new_and_new2/merged_dataset_work/merged_images/image_76.png,327.0,0.37419189453125,326.0,469.70030581039754,23.389596731884474,2.590727268442068,0.7398533075295805,89.08706497599225,23.142953872680664
image_77.png,/content/drive/MyDrive/PHD/Isaac_new/new_file2/seg_paper1_outputs_sigma_push_with_coco_new_and_new2/pred_masks/image_77_pred_mask.png,/content/drive/MyDrive/PHD/Isaac_new/new_file2/seg_paper1_outputs_sigma_push_with_coco_new_and_new2/overlays/image_77_overlay.png,,,,,,/content/drive/MyDrive/PHD/Isaac_new/new_file2/seg_paper1_outputs_sigma_push_with_coco_new_and_new2/merged_dataset_work/merged_images/image_77.png,/content/drive/MyDrive/PHD/Isaac_new/new_file2/seg_paper1_outputs_sigma_push_with_coco_new_and_new2/merged_dataset_work/merged_images/image_77.png,89.0,0.62375244140625,84.0,3024.674157303371,55.59812031146127,2.738492444714785,0.6679615558621974,237.75015067518427,47.185447692871094
image_78.png,/content/drive/MyDrive/PHD/Isaac_new/new_file2/seg_paper1_outputs_sigma_push_with_coco_new_and_new2/pred_masks/image_78_pred_mask.png,/content/drive/MyDrive/PHD/Isaac_new/new_file2/seg_paper1_outputs_sigma_push_with_coco_new_and_new2/overlays/image_78_overlay.png,,,,,,/content/drive/MyDrive/PHD/Isaac_new/new_file2/seg_paper1_outputs_sigma_push_with_coco_new_and_new2/merged_dataset_work/merged_images/image_78.png,/content/drive/MyDrive/PHD/Isaac_new/new_file2/seg_paper1_outputs_sigma_push_with_coco_new_and_new2/merged_dataset_work/merged_images/image_78.png,423.0,0.44420654296875,422.0,430.16548463356975,22.292561291984914,1.7658257269517448,0.8154265520229257,78.6385723893524,23.861492156982422
image_79.png,/content/drive/MyDrive/PHD/Isaac_new/new_file2/seg_paper1_outputs_sigma_push_with_coco_new_and_new2/pred_masks/image_79_pred_mask.png,/content/drive/MyDrive/PHD/Isaac_new/new_file2/seg_paper1_outputs_sigma_push_with_coco_new_and_new2/overlays/image_79_overlay.png,,,,,,/content/drive/MyDrive/PHD/Isaac_new/new_file2/seg_paper1_outputs_sigma_push_with_coco_new_and_new2/merged_dataset_work/merged_images/image_79.png,/content/drive/MyDrive/PHD/Isaac_new/new_file2/seg_paper1_outputs_sigma_push_with_coco_new_and_new2/merged_dataset_work/merged_images/image_79.png,369.0,0.3222802734375,369.0,357.739837398374,20.527039310448625,1.7713170173616541,0.8658789335510506,69.70086918129185,24.18630027770996
image_8.png,/content/drive/MyDrive/PHD/Isaac_new/new_file2/seg_paper1_outputs_sigma_push_with_coco_new_and_new2/pred_masks/image_8_pred_mask.png,/content/drive/MyDrive/PHD/Isaac_new/new_file2/seg_paper1_outputs_sigma_push_with_coco_new_and_new2/overlays/image_8_overlay.png,,,,,,/content/drive/MyDrive/PHD/Isaac_new/new_file2/seg_paper1_outputs_sigma_push_with_coco_new_and_new2/merged_dataset_work/merged_images/image_8.png,/content/drive/MyDrive/PHD/Isaac_new/new_file2/seg_paper1_outputs_sigma_push_with_coco_new_and_new2/merged_dataset_work/merged_images/image_8.png,314.0,0.38300048828125,311.0,502.79936305732485,24.140616944614106,3.5215912311244786,0.6491603692017202,99.6663299571177,21.27710723876953
image_80.png,/content/drive/MyDrive/PHD/Isaac_new/new_file2/seg_paper1_outputs_sigma_push_with_coco_new_and_new2/pred_masks/image_80_pred_mask.png,/content/drive/MyDrive/PHD/Isaac_new/new_file2/seg_paper1_outputs_sigma_push_with_coco_new_and_new2/overlays/image_80_overlay.png,,,,,,/content/drive/MyDrive/PHD/Isaac_new/new_file2/seg_paper1_outputs_sigma_push_with_coco_new_and_new2/merged_dataset_work/merged_images/image_80.png,/content/drive/MyDrive/PHD/Isaac_new/new_file2/seg_paper1_outputs_sigma_push_with_coco_new_and_new2/merged_dataset_work/merged_images/image_80.png,637.0,0.2727392578125,637.0,175.37519623233908,14.473136624191973,1.7064983975198962,0.891385755200589,48.67470801980754,17.48233985900879
image_81.png,/content/drive/MyDrive/PHD/Isaac_new/new_file2/seg_paper1_outputs_sigma_push_with_coco_new_and_new2/pred_masks/image_81_pred_mask.png,/content/drive/MyDrive/PHD/Isaac_new/new_file2/seg_paper1_outputs_sigma_push_with_coco_new_and_new2/overlays/image_81_overlay.png,,,,,,/content/drive/MyDrive/PHD/Isaac_new/new_file2/seg_paper1_outputs_sigma_push_with_coco_new_and_new2/merged_dataset_work/merged_images/image_81.png,/content/drive/MyDrive/PHD/Isaac_new/new_file2/seg_paper1_outputs_sigma_push_with_coco_new_and_new2/merged_dataset_work/merged_images/image_81.png,626.0,0.29668212890625,624.0,194.37220447284346,14.893382234436118,2.185708994243509,0.823921682210477,53.4992814879067,17.861248016357422
image_82.png,/content/drive/MyDrive/PHD/Isaac_new/new_file2/seg_paper1_outputs_sigma_push_with_coco_new_and_new2/pred_masks/image_82_pred_mask.png,/content/drive/MyDrive/PHD/Isaac_new/new_file2/seg_paper1_outputs_sigma_push_with_coco_new_and_new2/overlays/image_82_overlay.png,,,,,,/content/drive/MyDrive/PHD/Isaac_new/new_file2/seg_paper1_outputs_sigma_push_with_coco_new_and_new2/merged_dataset_work/merged_images/image_82.png,/content/drive/MyDrive/PHD/Isaac_new/new_file2/seg_paper1_outputs_sigma_push_with_coco_new_and_new2/merged_dataset_work/merged_images/image_82.png,326.0,0.39766845703125,326.0,499.64723926380367,24.31593769227561,1.6491301720489622,0.8164380121640378,85.53459818670355,27.700531005859375
image_83.png,/content/drive/MyDrive/PHD/Isaac_new/new_file2/seg_paper1_outputs_sigma_push_with_coco_new_and_new2/pred_masks/image_83_pred_mask.png,/content/drive/MyDrive/PHD/Isaac_new/new_file2/seg_paper1_outputs_sigma_push_with_coco_new_and_new2/overlays/image_83_overlay.png,,,,,,/content/drive/MyDrive/PHD/Isaac_new/new_file2/seg_paper1_outputs_sigma_push_with_coco_new_and_new2/merged_dataset_work/merged_images/image_83.png,/content/drive/MyDrive/PHD/Isaac_new/new_file2/seg_paper1_outputs_sigma_push_with_coco_new_and_new2/merged_dataset_work/merged_images/image_83.png,137.0,0.41897705078125,137.0,1253.8613138686133,35.070006039778946,1.6820636577868209,0.7366839526477844,136.79914825763146,36.64036178588867
image_84.png,/content/drive/MyDrive/PHD/Isaac_new/new_file2/seg_paper1_outputs_sigma_push_with_coco_new_and_new2/pred_masks/image_84_pred_mask.png,/content/drive/MyDrive/PHD/Isaac_new/new_file2/seg_paper1_outputs_sigma_push_with_coco_new_and_new2/overlays/image_84_overlay.png,,,,,,/content/drive/MyDrive/PHD/Isaac_new/new_file2/seg_paper1_outputs_sigma_push_with_coco_new_and_new2/merged_dataset_work/merged_images/image_84.png,/content/drive/MyDrive/PHD/Isaac_new/new_file2/seg_paper1_outputs_sigma_push_with_coco_new_and_new2/merged_dataset_work/merged_images/image_84.png,202.0,0.463447265625,202.0,939.7425742574258,33.67851169333103,1.543794322026088,0.8239129974459578,116.91741857788351,36.5220832824707
image_85.png,/content/drive/MyDrive/PHD/Isaac_new/new_file2/seg_paper1_outputs_sigma_push_with_coco_new_and_new2/pred_masks/image_85_pred_mask.png,/content/drive/MyDrive/PHD/Isaac_new/new_file2/seg_paper1_outputs_sigma_push_with_coco_new_and_new2/overlays/image_85_overlay.png,,,,,,/content/drive/MyDrive/PHD/Isaac_new/new_file2/seg_paper1_outputs_sigma_push_with_coco_new_and_new2/merged_dataset_work/merged_images/image_85.png,/content/drive/MyDrive/PHD/Isaac_new/new_file2/seg_paper1_outputs_sigma_push_with_coco_new_and_new2/merged_dataset_work/merged_images/image_85.png,108.0,0.52701171875,108.0,1998.7407407407406,48.51185703867318,1.6750822068176898,0.794300689466596,170.25292713001923,51.72280502319336
image_86.png,/content/drive/MyDrive/PHD/Isaac_new/new_file2/seg_paper1_outputs_sigma_push_with_coco_new_and_new2/pred_masks/image_86_pred_mask.png,/content/drive/MyDrive/PHD/Isaac_new/new_file2/seg_paper1_outputs_sigma_push_with_coco_new_and_new2/overlays/image_86_overlay.png,,,,,,/content/drive/MyDrive/PHD/Isaac_new/new_file2/seg_paper1_outputs_sigma_push_with_coco_new_and_new2/merged_dataset_work/merged_images/image_86.png,/content/drive/MyDrive/PHD/Isaac_new/new_file2/seg_paper1_outputs_sigma_push_with_coco_new_and_new2/merged_dataset_work/merged_images/image_86.png,188.0,0.44653076171875,184.0,994.5797872340426,33.166286548245786,2.401068744573562,0.6671775517738259,130.73774742002183,32.786922454833984
image_87.png,/content/drive/MyDrive/PHD/Isaac_new/new_file2/seg_paper1_outputs_sigma_push_with_coco_new_and_new2/pred_masks/image_87_pred_mask.png,/content/drive/MyDrive/PHD/Isaac_new/new_file2/seg_paper1_outputs_sigma_push_with_coco_new_and_new2/overlays/image_87_overlay.png,,,,,,/content/drive/MyDrive/PHD/Isaac_new/new_file2/seg_paper1_outputs_sigma_push_with_coco_new_and_new2/merged_dataset_work/merged_images/image_87.png,/content/drive/MyDrive/PHD/Isaac_new/new_file2/seg_paper1_outputs_sigma_push_with_coco_new_and_new2/merged_dataset_work/merged_images/image_87.png,180.0,0.430439453125,180.0,979.4888888888889,33.66417645521547,1.6440555268240988,0.7893655456799008,120.49835853907797,36.87168884277344
image_88.png,/content/drive/MyDrive/PHD/Isaac_new/new_file2/seg_paper1_outputs_sigma_push_with_coco_new_and_new2/pred_masks/image_88_pred_mask.png,/content/drive/MyDrive/PHD/Isaac_new/new_file2/seg_paper1_outputs_sigma_push_with_coco_new_and_new2/overlays/image_88_overlay.png,,,,,,/content/drive/MyDrive/PHD/Isaac_new/new_file2/seg_paper1_outputs_sigma_push_with_coco_new_and_new2/merged_dataset_work/merged_images/image_88.png,/content/drive/MyDrive/PHD/Isaac_new/new_file2/seg_paper1_outputs_sigma_push_with_coco_new_and_new2/merged_dataset_work/merged_images/image_88.png,114.0,0.5822607421875,113.0,2093.4298245614036,48.33759365719569,1.6917399422079475,0.7740408655102942,175.08791303530074,46.614715576171875
image_89.png,/content/drive/MyDrive/PHD/Isaac_new/new_file2/seg_paper1_outputs_sigma_push_with_coco_new_and_new2/pred_masks/image_89_pred_mask.png,/content/drive/MyDrive/PHD/Isaac_new/new_file2/seg_paper1_outputs_sigma_push_with_coco_new_and_new2/overlays/image_89_overlay.png,,,,,,/content/drive/MyDrive/PHD/Isaac_new/new_file2/seg_paper1_outputs_sigma_push_with_coco_new_and_new2/merged_dataset_work/merged_images/image_89.png,/content/drive/MyDrive/PHD/Isaac_new/new_file2/seg_paper1_outputs_sigma_push_with_coco_new_and_new2/merged_dataset_work/merged_images/image_89.png,298.0,0.457685546875,298.0,630.748322147651,26.946222341818807,1.536432530268966,0.7936281842666415,96.86732552795603,28.083757400512695
image_9.png,/content/drive/MyDrive/PHD/Isaac_new/new_file2/seg_paper1_outputs_sigma_push_with_coco_new_and_new2/pred_masks/image_9_pred_mask.png,/content/drive/MyDrive/PHD/Isaac_new/new_file2/seg_paper1_outputs_sigma_push_with_coco_new_and_new2/overlays/image_9_overlay.png,,,,,,/content/drive/MyDrive/PHD/Isaac_new/new_file2/seg_paper1_outputs_sigma_push_with_coco_new_and_new2/merged_dataset_work/merged_images/image_9.png,/content/drive/MyDrive/PHD/Isaac_new/new_file2/seg_paper1_outputs_sigma_push_with_coco_new_and_new2/merged_dataset_work/merged_images/image_9.png,279.0,0.4293017578125,279.0,630.258064516129,27.530658126402468,1.694750621048724,0.8256971266698699,96.14826997462994,28.857715606689453
image_90.png,/content/drive/MyDrive/PHD/Isaac_new/new_file2/seg_paper1_outputs_sigma_push_with_coco_new_and_new2/pred_masks/image_90_pred_mask.png,/content/drive/MyDrive/PHD/Isaac_new/new_file2/seg_paper1_outputs_sigma_push_with_coco_new_and_new2/overlays/image_90_overlay.png,,,,,,/content/drive/MyDrive/PHD/Isaac_new/new_file2/seg_paper1_outputs_sigma_push_with_coco_new_and_new2/merged_dataset_work/merged_images/image_90.png,/content/drive/MyDrive/PHD/Isaac_new/new_file2/seg_paper1_outputs_sigma_push_with_coco_new_and_new2/merged_dataset_work/merged_images/image_90.png,193.0,0.4193896484375,193.0,890.0621761658031,32.430129280661646,1.5472476410984184,0.8052858410834218,114.72808234308668,32.49518966674805
image_91.png,/content/drive/MyDrive/PHD/Isaac_new/new_file2/seg_paper1_outputs_sigma_push_with_coco_new_and_new2/pred_masks/image_91_pred_mask.png,/content/drive/MyDrive/PHD/Isaac_new/new_file2/seg_paper1_outputs_sigma_push_with_coco_new_and_new2/overlays/image_91_overlay.png,,,,,,/content/drive/MyDrive/PHD/Isaac_new/new_file2/seg_paper1_outputs_sigma_push_with_coco_new_and_new2/merged_dataset_work/merged_images/image_91.png,/content/drive/MyDrive/PHD/Isaac_new/new_file2/seg_paper1_outputs_sigma_push_with_coco_new_and_new2/merged_dataset_work/merged_images/image_91.png,194.0,0.43903076171875,193.0,926.9432989690722,33.10963182179277,1.5729086335784952,0.7974510678720367,117.85760202543023,32.790191650390625
image_92.png,/content/drive/MyDrive/PHD/Isaac_new/new_file2/seg_paper1_outputs_sigma_push_with_coco_new_and_new2/pred_masks/image_92_pred_mask.png,/content/drive/MyDrive/PHD/Isaac_new/new_file2/seg_paper1_outputs_sigma_push_with_coco_new_and_new2/overlays/image_92_overlay.png,,,,,,/content/drive/MyDrive/PHD/Isaac_new/new_file2/seg_paper1_outputs_sigma_push_with_coco_new_and_new2/merged_dataset_work/merged_images/image_92.png,/content/drive/MyDrive/PHD/Isaac_new/new_file2/seg_paper1_outputs_sigma_push_with_coco_new_and_new2/merged_dataset_work/merged_images/image_92.png,170.0,0.34737060546875,169.0,839.1882352941177,31.24770138858469,1.5320225739789126,0.8209778647740292,109.99949348954594,37.76932907104492
image_93.png,/content/drive/MyDrive/PHD/Isaac_new/new_file2/seg_paper1_outputs_sigma_push_with_coco_new_and_new2/pred_masks/image_93_pred_mask.png,/content/drive/MyDrive/PHD/Isaac_new/new_file2/seg_paper1_outputs_sigma_push_with_coco_new_and_new2/overlays/image_93_overlay.png,,,,,,/content/drive/MyDrive/PHD/Isaac_new/new_file2/seg_paper1_outputs_sigma_push_with_coco_new_and_new2/merged_dataset_work/merged_images/image_93.png,/content/drive/MyDrive/PHD/Isaac_new/new_file2/seg_paper1_outputs_sigma_push_with_coco_new_and_new2/merged_dataset_work/merged_images/image_93.png,305.0,0.69471435546875,298.0,938.567213114754,33.05954480868992,1.5270768193210997,0.7451104563967426,123.99441036904445,28.161596298217773
image_94.png,/content/drive/MyDrive/PHD/Isaac_new/new_file2/seg_paper1_outputs_sigma_push_with_coco_new_and_new2/pred_masks/image_94_pred_mask.png,/content/drive/MyDrive/PHD/Isaac_new/new_file2/seg_paper1_outputs_sigma_push_with_coco_new_and_new2/overlays/image_94_overlay.png,,,,,,/content/drive/MyDrive/PHD/Isaac_new/new_file2/seg_paper1_outputs_sigma_push_with_coco_new_and_new2/merged_dataset_work/merged_images/image_94.png,/content/drive/MyDrive/PHD/Isaac_new/new_file2/seg_paper1_outputs_sigma_push_with_coco_new_and_new2/merged_dataset_work/merged_images/image_94.png,109.0,0.6025048828125,85.0,2383.422018348624,50.27524017961562,3.1160749286667846,0.5215960871820533,239.5774870170366,38.76780319213867
image_95.png,/content/drive/MyDrive/PHD/Isaac_new/new_file2/seg_paper1_outputs_sigma_push_with_coco_new_and_new2/pred_masks/image_95_pred_mask.png,/content/drive/MyDrive/PHD/Isaac_new/new_file2/seg_paper1_outputs_sigma_push_with_coco_new_and_new2/overlays/image_95_overlay.png,,,,,,/content/drive/MyDrive/PHD/Isaac_new/new_file2/seg_paper1_outputs_sigma_push_with_coco_new_and_new2/merged_dataset_work/merged_images/image_95.png,/content/drive/MyDrive/PHD/Isaac_new/new_file2/seg_paper1_outputs_sigma_push_with_coco_new_and_new2/merged_dataset_work/merged_images/image_95.png,162.0,0.61015869140625,162.0,1543.2716049382716,42.29466529888276,1.5126240300291012,0.7492582180895989,156.28168676370456,39.72210693359375
image_96.png,/content/drive/MyDrive/PHD/Isaac_new/new_file2/seg_paper1_outputs_sigma_push_with_coco_new_and_new2/pred_masks/image_96_pred_mask.png,/content/drive/MyDrive/PHD/Isaac_new/new_file2/seg_paper1_outputs_sigma_push_with_coco_new_and_new2/overlays/image_96_overlay.png,,,,,,/content/drive/MyDrive/PHD/Isaac_new/new_file2/seg_paper1_outputs_sigma_push_with_coco_new_and_new2/merged_dataset_work/merged_images/image_96.png,/content/drive/MyDrive/PHD/Isaac_new/new_file2/seg_paper1_outputs_sigma_push_with_coco_new_and_new2/merged_dataset_work/merged_images/image_96.png,467.0,0.57263427734375,463.0,502.73019271948607,24.307371806984467,1.5590724418324053,0.8251455382310562,86.0290620242758,23.258623123168945
image_97.png,/content/drive/MyDrive/PHD/Isaac_new/new_file2/seg_paper1_outputs_sigma_push_with_coco_new_and_new2/pred_masks/image_97_pred_mask.png,/content/drive/MyDrive/PHD/Isaac_new/new_file2/seg_paper1_outputs_sigma_push_with_coco_new_and_new2/overlays/image_97_overlay.png,,,,,,/content/drive/MyDrive/PHD/Isaac_new/new_file2/seg_paper1_outputs_sigma_push_with_coco_new_and_new2/merged_dataset_work/merged_images/image_97.png,/content/drive/MyDrive/PHD/Isaac_new/new_file2/seg_paper1_outputs_sigma_push_with_coco_new_and_new2/merged_dataset_work/merged_images/image_97.png,445.0,0.3084521484375,445.0,283.91460674157304,18.590446469617156,1.7854992484209338,0.8551888433311664,63.48201707722096,21.257434844970703
image_98.png,/content/drive/MyDrive/PHD/Isaac_new/new_file2/seg_paper1_outputs_sigma_push_with_coco_new_and_new2/pred_masks/image_98_pred_mask.png,/content/drive/MyDrive/PHD/Isaac_new/new_file2/seg_paper1_outputs_sigma_push_with_coco_new_and_new2/overlays/image_98_overlay.png,,,,,,/content/drive/MyDrive/PHD/Isaac_new/new_file2/seg_paper1_outputs_sigma_push_with_coco_new_and_new2/merged_dataset_work/merged_images/image_98.png,/content/drive/MyDrive/PHD/Isaac_new/new_file2/seg_paper1_outputs_sigma_push_with_coco_new_and_new2/merged_dataset_work/merged_images/image_98.png,498.0,0.26485595703125,497.0,218.24698795180723,15.903776194303457,2.1082979737787015,0.7289729541741345,61.380196121801816,20.553953170776367
image_99.png,/content/drive/MyDrive/PHD/Isaac_new/new_file2/seg_paper1_outputs_sigma_push_with_coco_new_and_new2/pred_masks/image_99_pred_mask.png,/content/drive/MyDrive/PHD/Isaac_new/new_file2/seg_paper1_outputs_sigma_push_with_coco_new_and_new2/overlays/image_99_overlay.png,,,,,,/content/drive/MyDrive/PHD/Isaac_new/new_file2/seg_paper1_outputs_sigma_push_with_coco_new_and_new2/merged_dataset_work/merged_images/image_99.png,/content/drive/MyDrive/PHD/Isaac_new/new_file2/seg_paper1_outputs_sigma_push_with_coco_new_and_new2/merged_dataset_work/merged_images/image_99.png,107.0,0.5321826171875,101.0,2226.5233644859813,46.11477299098103,1.898626079758055,0.7147982780088149,183.44323856362672,41.896568298339844
